product_id,product_name,product_price,reviews,created_by
BE100000,Beauty Miss 0,920.53,Not worth the price.,Martinez-May
BE100001,Beauty Once 1,328.39,"Excellent product, highly recommend.","Allen, Crane and Moore"
BE100002,Beauty National 2,38.52,Not worth the price.,Blanchard and Sons
BE100003,Beauty Your 3,732.08,"Excellent product, highly recommend.","Griffin, Ayers and Webb"
BE100004,Beauty Data 4,15.16,Not worth the price.,Cox-Brady
BE100005,Beauty Discussion 5,87.68,Good but overpriced.,Wilson LLC
BE100006,Beauty Career 6,331.57,Fantastic product with ethical sourcing.,Medina-Clark
BE100007,Beauty Near 7,248.11,Not worth the price.,Glover-Rodriguez
BE100008,Beauty Decade 8,113.81,"Excellent product, highly recommend.",Huerta LLC
BE100009,Beauty Service 9,558.69,Very durable and eco-friendly packaging.,Gordon Ltd
BE100010,Beauty Establish 10,397.68,Great quality and fast delivery!,"Anderson, Lee and Yang"
BE100011,Beauty These 11,570.47,Very durable and eco-friendly packaging.,Davis-Booth
BE100012,Beauty Party 12,523.42,Great quality and fast delivery!,King PLC
BE100013,Beauty Actually 13,199.85,Great quality and fast delivery!,Weaver PLC
BE100014,Beauty Hospital 14,378.99,Wouldn’t buy again.,Newman-Green
BE100015,Beauty Several 15,43.74,Satisfied with the purchase.,"Hunter, Gilbert and Ramos"
BE100016,Beauty Return 16,551.54,Very durable and eco-friendly packaging.,Moore Inc
BE100017,Beauty Throw 17,395.58,Perfect gift option!,Green-Thomas
BE100018,Beauty Yes 18,472.23,Wouldn’t buy again.,Callahan-Jones
BE100019,Beauty Win 19,953.57,Perfect gift option!,Brown Inc
BE100020,Beauty Claim 20,219.43,"Excellent product, highly recommend.",Everett and Sons
BE100021,Beauty Meeting 21,254.54,Not worth the price.,Barnett-Collins
BE100022,Beauty Set 22,888.26,Satisfied with the purchase.,Marshall-Anderson
BE100023,Beauty Behavior 23,786.68,Satisfied with the purchase.,Greene-Anderson
BE100024,Beauty Site 24,685.58,"Average experience, could be better.",Sutton Ltd
BE100025,Beauty My 25,602.61,Fantastic product with ethical sourcing.,Carr-Morales
BE100026,Beauty From 26,235.1,Wouldn’t buy again.,Taylor Ltd
BE100027,Beauty White 27,662.97,Not worth the price.,Fields LLC
BE100028,Beauty Avoid 28,337.04,"Average experience, could be better.",Daniels PLC
BE100029,Beauty Bank 29,76.95,Wouldn’t buy again.,Perry-Anderson
BE100030,Beauty Risk 30,751.28,Wouldn’t buy again.,"Evans, Garcia and Day"
BE100031,Beauty However 31,401.55,Great quality and fast delivery!,Simmons and Sons
BE100032,Beauty Yourself 32,251.08,"Excellent product, highly recommend.",Duncan LLC
BE100033,Beauty Doctor 33,113.63,Great quality and fast delivery!,"Heath, Mcdonald and Anderson"
BE100034,Beauty Lose 34,537.4,Very durable and eco-friendly packaging.,Copeland-Sullivan
BE100035,Beauty Condition 35,696.19,Great quality and fast delivery!,Beck-Waller
BE100036,Beauty None 36,183.1,Good but overpriced.,"Mcdowell, Bailey and Salinas"
BE100037,Beauty Congress 37,458.07,"Excellent product, highly recommend.",Bird-Farmer
BE100038,Beauty World 38,30.3,Great quality and fast delivery!,Hawkins-Bender
BE100039,Beauty Movie 39,481.69,"Excellent product, highly recommend.","Macdonald, Jefferson and Gilmore"
BE100040,Beauty Sport 40,879.93,Wouldn’t buy again.,Cooper PLC
BE100041,Beauty Race 41,428.45,Good but overpriced.,Green and Sons
BE100042,Beauty Compare 42,870.23,Wouldn’t buy again.,Moore-Turner
BE100043,Beauty At 43,168.27,"Excellent product, highly recommend.",Allen-Farrell
BE100044,Beauty According 44,602.54,"Excellent product, highly recommend.","Joseph, Kelly and Harper"
BE100045,Beauty When 45,397.5,Satisfied with the purchase.,Steele PLC
BE100046,Beauty Policy 46,988.32,Good but overpriced.,Archer-Ortiz
BE100047,Beauty Week 47,124.8,Satisfied with the purchase.,Lambert Ltd
BE100048,Beauty Society 48,436.46,Perfect gift option!,"Clark, Wilkerson and Smith"
BE100049,Beauty Run 49,989.48,"Average experience, could be better.","Baker, Roberson and Salazar"
BE100050,Beauty Culture 50,141.1,Great quality and fast delivery!,Hudson-Evans
BE100051,Beauty Vote 51,555.1,Not worth the price.,Garcia-Suarez
BE100052,Beauty Seven 52,822.28,Great quality and fast delivery!,Brennan Inc
BE100053,Beauty Eat 53,663.28,"Average experience, could be better.",Tapia-Thomas
BE100054,Beauty Value 54,296.98,Great quality and fast delivery!,"Ramirez, Stanley and Moore"
BE100055,Beauty Middle 55,490.06,Fantastic product with ethical sourcing.,Henry and Sons
BE100056,Beauty Product 56,171.57,"Average experience, could be better.","Smith, Daniels and Jones"
BE100057,Beauty Still 57,675.79,Good but overpriced.,Landry Ltd
BE100058,Beauty She 58,20.92,Satisfied with the purchase.,"Gonzales, Schmidt and Ali"
BE100059,Beauty Reflect 59,84.89,Wouldn’t buy again.,"Ho, Gates and Nguyen"
BE100060,Beauty College 60,769.49,Wouldn’t buy again.,Lang PLC
BE100061,Beauty Sense 61,69.62,Satisfied with the purchase.,Scott LLC
BE100062,Beauty But 62,302.96,Satisfied with the purchase.,Moss-Parker
BE100063,Beauty Mouth 63,846.94,Not worth the price.,Ward PLC
BE100064,Beauty Number 64,54.64,Satisfied with the purchase.,"Dean, Stewart and Smith"
BE100065,Beauty Unit 65,33.16,Satisfied with the purchase.,"Novak, Evans and Burton"
BE100066,Beauty Attack 66,946.65,Fantastic product with ethical sourcing.,Garcia-Graham
BE100067,Beauty Evening 67,925.64,Perfect gift option!,"Contreras, Jones and Berg"
BE100068,Beauty Magazine 68,669.27,Great quality and fast delivery!,Harris-Hunter
BE100069,Beauty Yet 69,314.64,Very durable and eco-friendly packaging.,Green Group
BE100070,Beauty Else 70,776.92,Great quality and fast delivery!,"Estes, Parker and Johnson"
BE100071,Beauty Bring 71,971.13,"Excellent product, highly recommend.",Brown-Jones
BE100072,Beauty Floor 72,598.34,Wouldn’t buy again.,Nolan LLC
BE100073,Beauty Role 73,439.83,"Excellent product, highly recommend.",Roberts-Russo
BE100074,Beauty Last 74,112.39,Perfect gift option!,"Williams, Allen and Juarez"
BE100075,Beauty Effect 75,292.61,Wouldn’t buy again.,"Choi, Hess and Henderson"
BE100076,Beauty Feeling 76,657.73,Satisfied with the purchase.,Parker PLC
BE100077,Beauty Play 77,694.98,Wouldn’t buy again.,Cunningham-Moore
BE100078,Beauty Worker 78,902.54,"Average experience, could be better.",Ellis-Brooks
BE100079,Beauty Work 79,337.03,"Excellent product, highly recommend.",Lawson-Peters
BE100080,Beauty World 80,852.64,Great quality and fast delivery!,Cruz LLC
BE100081,Beauty Full 81,129.36,"Excellent product, highly recommend.",Durham PLC
BE100082,Beauty Medical 82,481.59,Very durable and eco-friendly packaging.,"Williams, Marquez and Walls"
BE100083,Beauty Account 83,277.47,"Excellent product, highly recommend.",Smith Group
BE100084,Beauty Wonder 84,253.1,"Excellent product, highly recommend.","Nguyen, Davis and Gutierrez"
BE100085,Beauty Before 85,729.69,Great quality and fast delivery!,"Terrell, Mitchell and Peterson"
BE100086,Beauty Pattern 86,586.27,"Average experience, could be better.",Barton Inc
BE100087,Beauty Yourself 87,794.32,Perfect gift option!,Torres-Stewart
BE100088,Beauty Material 88,650.0,Good but overpriced.,West Ltd
BE100089,Beauty Identify 89,970.42,Wouldn’t buy again.,"Harris, Nash and Zavala"
BE100090,Beauty Dinner 90,704.08,Satisfied with the purchase.,Cunningham-Johnson
BE100091,Beauty Hold 91,872.08,"Excellent product, highly recommend.",Barrett-Roberts
BE100092,Beauty Hard 92,133.29,Perfect gift option!,"Flores, Vincent and Tanner"
BE100093,Beauty Career 93,918.8,"Average experience, could be better.",Acosta-Brown
BE100094,Beauty If 94,83.71,Great quality and fast delivery!,"Scott, Freeman and Mckinney"
BE100095,Beauty Later 95,423.21,Perfect gift option!,Mendez-Horn
BE100096,Beauty Recently 96,819.56,Great quality and fast delivery!,"Cox, Craig and Brooks"
BE100097,Beauty Technology 97,928.9,Perfect gift option!,Rivers-Herring
BE100098,Beauty Audience 98,696.95,Not worth the price.,Aguirre Ltd
BE100099,Beauty Every 99,531.66,"Excellent product, highly recommend.",Sanders-Gallegos
BE100100,Beauty Within 100,430.73,Good but overpriced.,"Smith, Gomez and Leblanc"
BE100101,Beauty Anything 101,645.17,Fantastic product with ethical sourcing.,Freeman PLC
BE100102,Beauty Big 102,518.89,"Average experience, could be better.",Tapia PLC
BE100103,Beauty Reveal 103,214.29,Very durable and eco-friendly packaging.,Anthony Inc
BE100104,Beauty Southern 104,233.59,"Excellent product, highly recommend.",Thomas-Freeman
BE100105,Beauty Measure 105,269.71,Good but overpriced.,"Howell, Sherman and James"
BE100106,Beauty Season 106,939.05,Perfect gift option!,"Williams, Johnson and Bowen"
BE100107,Beauty Hundred 107,844.74,Great quality and fast delivery!,"Brewer, Vargas and Foster"
BE100108,Beauty Quality 108,232.96,"Average experience, could be better.",Brooks and Sons
BE100109,Beauty Ability 109,183.34,Fantastic product with ethical sourcing.,Wright LLC
BE100110,Beauty Body 110,318.79,Perfect gift option!,Curtis-Smith
BE100111,Beauty Thing 111,90.59,Satisfied with the purchase.,Kirby-Hoffman
BE100112,Beauty Scientist 112,807.49,Not worth the price.,Garcia-Cooper
BE100113,Beauty Guess 113,70.37,Good but overpriced.,Mueller PLC
BE100114,Beauty Any 114,789.26,"Excellent product, highly recommend.",Preston Group
BE100115,Beauty Decision 115,574.26,Very durable and eco-friendly packaging.,Olson Ltd
BE100116,Beauty Crime 116,168.24,"Excellent product, highly recommend.","Christian, Holmes and Anderson"
BE100117,Beauty Agree 117,703.54,Satisfied with the purchase.,Eaton-Rojas
BE100118,Beauty Official 118,198.95,Very durable and eco-friendly packaging.,"Knight, Stewart and Smith"
BE100119,Beauty Care 119,158.27,"Excellent product, highly recommend.","Knapp, Stephens and Guerra"
BE100120,Beauty Matter 120,537.41,Wouldn’t buy again.,Bolton-Myers
BE100121,Beauty Seek 121,744.28,Perfect gift option!,Dennis Ltd
BE100122,Beauty Despite 122,264.77,Great quality and fast delivery!,"Mckee, Garner and Gray"
BE100123,Beauty Measure 123,316.64,Fantastic product with ethical sourcing.,Navarro-Strickland
BE100124,Beauty Investment 124,850.16,Good but overpriced.,Chapman-Barry
BE100125,Beauty Newspaper 125,423.42,Satisfied with the purchase.,"Hunt, King and Monroe"
BE100126,Beauty Character 126,677.2,Great quality and fast delivery!,Clark PLC
BE100127,Beauty In 127,493.89,Fantastic product with ethical sourcing.,"Bryant, Romero and Ford"
BE100128,Beauty Bag 128,718.13,Wouldn’t buy again.,"Ramirez, Skinner and Potts"
BE100129,Beauty Student 129,523.57,Great quality and fast delivery!,White LLC
BE100130,Beauty Social 130,345.13,Good but overpriced.,Mclaughlin-Elliott
BE100131,Beauty Beat 131,984.51,Satisfied with the purchase.,Chan-Whitehead
BE100132,Beauty Gas 132,995.82,Satisfied with the purchase.,Dean Ltd
BE100133,Beauty Throw 133,994.94,"Excellent product, highly recommend.",Jennings-Campbell
BE100134,Beauty Rate 134,987.56,Perfect gift option!,Miller-Love
BE100135,Beauty Magazine 135,932.17,Not worth the price.,Anderson Group
BE100136,Beauty Establish 136,771.73,Great quality and fast delivery!,"Mueller, Nelson and Mathews"
BE100137,Beauty Where 137,93.69,Not worth the price.,Wall Ltd
BE100138,Beauty Value 138,641.57,Very durable and eco-friendly packaging.,Whitaker-Powell
BE100139,Beauty Deal 139,56.15,"Average experience, could be better.",Kelly-Manning
BE100140,Beauty Hand 140,897.35,Perfect gift option!,"Dunn, Harper and Price"
BE100141,Beauty Moment 141,78.07,Wouldn’t buy again.,Torres-Weaver
BE100142,Beauty Start 142,688.57,Great quality and fast delivery!,Arnold and Sons
BE100143,Beauty Central 143,937.62,"Excellent product, highly recommend.",Reynolds-Lowe
BE100144,Beauty Fine 144,606.97,Good but overpriced.,Kent and Sons
BE100145,Beauty Reflect 145,232.69,"Average experience, could be better.",Mejia Inc
BE100146,Beauty Rule 146,415.08,Not worth the price.,Tate-Marshall
BE100147,Beauty Open 147,826.26,Great quality and fast delivery!,Wise LLC
BE100148,Beauty Performance 148,259.95,Great quality and fast delivery!,Campbell-Sanchez
BE100149,Beauty Painting 149,405.8,"Excellent product, highly recommend.","Sanchez, Russell and Delgado"
BE100150,Beauty Arrive 150,50.04,Perfect gift option!,Lewis-Clark
BE100151,Beauty Religious 151,702.65,Perfect gift option!,Cole-Montoya
BE100152,Beauty Environment 152,160.13,Perfect gift option!,"Burton, Harvey and Patterson"
BE100153,Beauty Thus 153,302.16,Perfect gift option!,Griffin Ltd
BE100154,Beauty Consumer 154,465.06,Satisfied with the purchase.,"Deleon, Smith and Dean"
BE100155,Beauty Month 155,966.67,Not worth the price.,Hobbs Inc
BE100156,Beauty Professor 156,142.57,"Average experience, could be better.",Lawrence Inc
BE100157,Beauty Yet 157,60.95,"Excellent product, highly recommend.",Hughes-Smith
BE100158,Beauty Bag 158,533.15,Great quality and fast delivery!,Jordan-Parsons
BE100159,Beauty Occur 159,200.98,"Average experience, could be better.","Taylor, Williams and Howard"
BE100160,Beauty Watch 160,850.81,Good but overpriced.,"Wells, White and Gonzalez"
BE100161,Beauty Walk 161,457.72,Fantastic product with ethical sourcing.,Weber Ltd
BE100162,Beauty Drop 162,780.86,Not worth the price.,Hudson-Fisher
BE100163,Beauty Store 163,923.24,"Average experience, could be better.","Lucas, Cruz and Lee"
BE100164,Beauty Minute 164,796.03,Good but overpriced.,Graham-Porter
BE100165,Beauty Common 165,279.31,Not worth the price.,Peters-Stout
BE100166,Beauty Tv 166,168.12,Wouldn’t buy again.,Olson-Chavez
BE100167,Beauty Support 167,239.7,Not worth the price.,"Hill, Murphy and Davis"
BE100168,Beauty Think 168,783.0,Very durable and eco-friendly packaging.,"Bell, Johnson and Beard"
BE100169,Beauty This 169,817.21,Great quality and fast delivery!,Andersen-Barber
BE100170,Beauty Bad 170,711.68,Great quality and fast delivery!,"Hess, Cline and Carter"
BE100171,Beauty Particularly 171,514.53,Not worth the price.,Soto Group
BE100172,Beauty Idea 172,404.6,"Average experience, could be better.",Smith LLC
BE100173,Beauty Street 173,668.96,Perfect gift option!,"Hancock, Summers and Williamson"
BE100174,Beauty Threat 174,493.18,"Average experience, could be better.","Barton, Weiss and Craig"
BE100175,Beauty Many 175,347.43,Good but overpriced.,"Jones, Duncan and Wolfe"
BE100176,Beauty Son 176,86.4,Very durable and eco-friendly packaging.,Martin Group
BE100177,Beauty Put 177,386.2,"Average experience, could be better.",Allen-Alvarez
BE100178,Beauty Lay 178,122.75,Perfect gift option!,Hansen LLC
BE100179,Beauty Girl 179,261.03,Very durable and eco-friendly packaging.,Waller and Sons
BE100180,Beauty Notice 180,950.69,Great quality and fast delivery!,Palmer-Kelley
BE100181,Beauty Even 181,829.4,Satisfied with the purchase.,"Hogan, Raymond and Myers"
BE100182,Beauty Knowledge 182,694.1,Very durable and eco-friendly packaging.,Moreno-Martin
BE100183,Beauty Music 183,387.36,Perfect gift option!,"Andrews, Mclaughlin and Yoder"
BE100184,Beauty Service 184,815.17,Great quality and fast delivery!,Keith Ltd
BE100185,Beauty Week 185,950.98,Very durable and eco-friendly packaging.,Jones Group
BE100186,Beauty Charge 186,471.49,Not worth the price.,Conner Ltd
BE100187,Beauty Necessary 187,540.17,Not worth the price.,Mullins-Mills
BE100188,Beauty Hundred 188,330.71,Not worth the price.,"Bowman, Goodman and Herring"
BE100189,Beauty Easy 189,432.5,Good but overpriced.,Barton-Ramirez
BE100190,Beauty Out 190,330.74,Not worth the price.,Green-Delacruz
BE100191,Beauty Tough 191,251.74,Very durable and eco-friendly packaging.,"Morris, Graham and Maldonado"
BE100192,Beauty Money 192,748.15,Fantastic product with ethical sourcing.,"Ramirez, Palmer and Lee"
BE100193,Beauty Property 193,48.51,Perfect gift option!,Lee and Sons
BE100194,Beauty Citizen 194,194.97,Fantastic product with ethical sourcing.,Clark LLC
BE100195,Beauty Upon 195,822.03,Satisfied with the purchase.,Douglas-Jordan
BE100196,Beauty Stage 196,145.56,Perfect gift option!,"Murphy, Torres and Barrett"
BE100197,Beauty Every 197,855.85,"Average experience, could be better.",Baldwin and Sons
BE100198,Beauty Subject 198,466.86,Wouldn’t buy again.,"Bruce, Moore and Brewer"
BE100199,Beauty Tell 199,982.46,Wouldn’t buy again.,Mccormick PLC
BE100200,Beauty Later 200,110.56,"Excellent product, highly recommend.",Nguyen-James
BE100201,Beauty Whom 201,430.53,Good but overpriced.,Whitaker-Rush
BE100202,Beauty Floor 202,390.28,"Average experience, could be better.",Ford-Castillo
BE100203,Beauty Another 203,864.35,Very durable and eco-friendly packaging.,Wong-Martinez
BE100204,Beauty Develop 204,320.7,Wouldn’t buy again.,Johnson and Sons
BE100205,Beauty Brother 205,9.98,Good but overpriced.,Molina-Chan
BE100206,Beauty Be 206,115.8,Fantastic product with ethical sourcing.,Pittman LLC
BE100207,Beauty Idea 207,845.97,Fantastic product with ethical sourcing.,"Moody, Morgan and Blair"
BE100208,Beauty Want 208,902.82,Perfect gift option!,Wagner-Coleman
BE100209,Beauty Statement 209,61.38,Perfect gift option!,"Smith, Harmon and Taylor"
BE100210,Beauty Become 210,526.13,Good but overpriced.,Nelson-Shepard
BE100211,Beauty Age 211,270.4,Good but overpriced.,"Williams, Schneider and Hart"
BE100212,Beauty Often 212,84.32,Great quality and fast delivery!,Acosta Inc
BE100213,Beauty Administration 213,143.38,Satisfied with the purchase.,Cook-Scott
BE100214,Beauty Traditional 214,200.17,Very durable and eco-friendly packaging.,White-Garcia
BE100215,Beauty Study 215,116.14,Very durable and eco-friendly packaging.,Mitchell Ltd
BE100216,Beauty Dinner 216,973.24,"Excellent product, highly recommend.",Brown Ltd
BE100217,Beauty Yard 217,252.08,Very durable and eco-friendly packaging.,James Inc
BE100218,Beauty Respond 218,703.96,Very durable and eco-friendly packaging.,"Scott, Boyd and Robinson"
BE100219,Beauty Campaign 219,29.22,Good but overpriced.,Bennett Ltd
BE100220,Beauty Address 220,532.96,Good but overpriced.,Taylor Ltd
BE100221,Beauty Spring 221,921.61,Great quality and fast delivery!,Bennett and Sons
BE100222,Beauty Building 222,177.53,Good but overpriced.,"Lee, Price and Mckee"
BE100223,Beauty Of 223,996.16,Perfect gift option!,Duncan-Johnson
BE100224,Beauty Four 224,766.92,Fantastic product with ethical sourcing.,Jones Ltd
BE100225,Beauty Consider 225,804.16,Very durable and eco-friendly packaging.,Cantu Inc
BE100226,Beauty Teacher 226,457.51,Good but overpriced.,Watson LLC
BE100227,Beauty Politics 227,727.4,Satisfied with the purchase.,Mills Ltd
BE100228,Beauty Century 228,468.0,Fantastic product with ethical sourcing.,"Banks, Todd and West"
BE100229,Beauty Page 229,571.5,"Average experience, could be better.",Blanchard-Williams
BE100230,Beauty Interview 230,277.38,Great quality and fast delivery!,Carpenter-Martin
BE100231,Beauty Technology 231,562.99,Perfect gift option!,Davila and Sons
BE100232,Beauty Agreement 232,980.44,Wouldn’t buy again.,Aguilar-Dougherty
BE100233,Beauty Hospital 233,564.54,Very durable and eco-friendly packaging.,"Allen, Lawrence and West"
BE100234,Beauty Stand 234,326.08,"Excellent product, highly recommend.",Harmon and Sons
BE100235,Beauty Can 235,290.28,"Average experience, could be better.",Cook Inc
BE100236,Beauty City 236,223.28,Great quality and fast delivery!,Velasquez-Aguilar
BE100237,Beauty Past 237,816.02,"Excellent product, highly recommend.",Blair Inc
BE100238,Beauty Hit 238,451.51,Good but overpriced.,Kennedy-Hayes
BE100239,Beauty Ever 239,718.71,"Excellent product, highly recommend.",Murphy-Bowman
BE100240,Beauty Sister 240,89.02,Satisfied with the purchase.,Carey Inc
BE100241,Beauty Because 241,671.82,Very durable and eco-friendly packaging.,"Wells, Barnes and King"
BE100242,Beauty Beautiful 242,474.89,Not worth the price.,Edwards-Ward
BE100243,Beauty Him 243,159.25,Not worth the price.,Patel-Reyes
BE100244,Beauty Hotel 244,483.06,"Average experience, could be better.","Johnson, Rose and Thornton"
BE100245,Beauty Firm 245,27.65,Wouldn’t buy again.,Johnson-Jones
BE100246,Beauty Rate 246,791.68,"Average experience, could be better.",Fitzgerald Inc
BE100247,Beauty If 247,832.31,Very durable and eco-friendly packaging.,Garcia Group
BE100248,Beauty Personal 248,10.45,Not worth the price.,Sanchez Inc
BE100249,Beauty Return 249,569.27,Fantastic product with ethical sourcing.,Chavez-Harper
BE100250,Beauty Knowledge 250,42.22,Very durable and eco-friendly packaging.,"Oliver, Butler and Stevens"
BE100251,Beauty Require 251,408.93,"Average experience, could be better.",Hamilton-Osborne
BE100252,Beauty Throughout 252,843.6,Great quality and fast delivery!,Ford-Beasley
BE100253,Beauty Body 253,147.24,Perfect gift option!,Wilson Ltd
BE100254,Beauty Raise 254,720.84,"Excellent product, highly recommend.",Gregory-Nelson
BE100255,Beauty Capital 255,970.02,Perfect gift option!,"Brown, Sawyer and Ramos"
BE100256,Beauty Walk 256,473.6,Good but overpriced.,Chung and Sons
BE100257,Beauty Girl 257,276.32,Great quality and fast delivery!,Shelton Group
BE100258,Beauty Risk 258,491.87,Wouldn’t buy again.,Moore-Cooper
BE100259,Beauty Baby 259,389.94,Fantastic product with ethical sourcing.,Thomas PLC
BE100260,Beauty Free 260,272.01,Satisfied with the purchase.,Wise-Zuniga
BE100261,Beauty Discuss 261,505.78,"Excellent product, highly recommend.",Mason PLC
BE100262,Beauty Hotel 262,493.33,Great quality and fast delivery!,"Wilcox, Smith and Allen"
BE100263,Beauty Produce 263,649.22,Great quality and fast delivery!,Smith LLC
BE100264,Beauty Nation 264,654.65,"Average experience, could be better.",Humphrey-Moore
BE100265,Beauty Compare 265,303.57,Perfect gift option!,"Jones, Gray and Reid"
BE100266,Beauty Table 266,167.43,"Excellent product, highly recommend.",Francis-Austin
BE100267,Beauty Note 267,668.77,Perfect gift option!,Pham Group
BE100268,Beauty Later 268,616.16,Very durable and eco-friendly packaging.,"Schmidt, Woods and Hernandez"
BE100269,Beauty Force 269,29.93,Very durable and eco-friendly packaging.,"Johnson, Hart and Watson"
BE100270,Beauty Public 270,909.08,Not worth the price.,Bush Inc
BE100271,Beauty Stock 271,763.98,Satisfied with the purchase.,Jensen Group
BE100272,Beauty Deep 272,666.53,Satisfied with the purchase.,Oliver-Stewart
BE100273,Beauty Present 273,550.8,Fantastic product with ethical sourcing.,Mayo-Johnson
BE100274,Beauty Night 274,543.23,Perfect gift option!,"Fowler, Wheeler and Wilson"
BE100275,Beauty Place 275,826.08,Good but overpriced.,Jimenez Ltd
BE100276,Beauty Rich 276,278.12,Very durable and eco-friendly packaging.,Huffman LLC
BE100277,Beauty View 277,428.79,Perfect gift option!,"Watts, Baker and Brewer"
BE100278,Beauty Democratic 278,187.47,Great quality and fast delivery!,"Graham, Gonzalez and Cook"
BE100279,Beauty Reflect 279,765.66,Very durable and eco-friendly packaging.,"Rodgers, Hernandez and Ward"
BE100280,Beauty Research 280,442.22,Good but overpriced.,Holder PLC
BE100281,Beauty Image 281,206.39,Good but overpriced.,Evans and Sons
BE100282,Beauty Very 282,568.58,Wouldn’t buy again.,"Smith, Proctor and Herman"
BE100283,Beauty Thus 283,10.19,Good but overpriced.,"Bryant, Warner and Sawyer"
BE100284,Beauty Successful 284,891.79,Great quality and fast delivery!,Lindsey-Miller
BE100285,Beauty None 285,50.5,Not worth the price.,Smith-Reid
BE100286,Beauty Film 286,512.09,Great quality and fast delivery!,"Smith, Gaines and Miles"
BE100287,Beauty Condition 287,158.41,Perfect gift option!,"Garcia, Lowe and Dean"
BE100288,Beauty Sit 288,72.26,Wouldn’t buy again.,"Wilson, Fuller and Miller"
BE100289,Beauty Get 289,844.2,Good but overpriced.,Martinez PLC
BE100290,Beauty Travel 290,690.1,"Excellent product, highly recommend.",Wise-Williams
BE100291,Beauty Enough 291,548.53,Great quality and fast delivery!,Dominguez-Simmons
BE100292,Beauty Natural 292,540.78,Great quality and fast delivery!,Jones PLC
BE100293,Beauty Along 293,449.33,Good but overpriced.,"Taylor, Hernandez and Burns"
BE100294,Beauty Bank 294,970.27,Good but overpriced.,Perry LLC
BE100295,Beauty Hand 295,684.0,Great quality and fast delivery!,Ray-Olsen
BE100296,Beauty Change 296,674.55,"Excellent product, highly recommend.","Huynh, Graham and Mills"
BE100297,Beauty Office 297,9.68,Fantastic product with ethical sourcing.,Jordan Ltd
BE100298,Beauty This 298,905.91,Good but overpriced.,"Martinez, Lee and Brown"
BE100299,Beauty Fly 299,604.75,"Average experience, could be better.",Rhodes-Aguirre
BE100300,Beauty True 300,25.22,Good but overpriced.,Adams-Jarvis
BE100301,Beauty Letter 301,871.57,Wouldn’t buy again.,"Smith, Lloyd and Newton"
BE100302,Beauty Democratic 302,62.11,Satisfied with the purchase.,Clayton-Boone
BE100303,Beauty Culture 303,98.83,Fantastic product with ethical sourcing.,Velez-Palmer
BE100304,Beauty Financial 304,805.27,Satisfied with the purchase.,Mayo Ltd
BE100305,Beauty Your 305,563.46,Satisfied with the purchase.,Lucas Group
BE100306,Beauty Available 306,529.84,Fantastic product with ethical sourcing.,Keller and Sons
BE100307,Beauty Bring 307,273.96,"Excellent product, highly recommend.",Fletcher-Patton
BE100308,Beauty Include 308,270.25,Great quality and fast delivery!,"Johnson, Orozco and Lynch"
BE100309,Beauty Eight 309,617.98,Satisfied with the purchase.,"Campbell, Flores and Cruz"
BE100310,Beauty Under 310,203.27,"Average experience, could be better.",Mitchell PLC
BE100311,Beauty Investment 311,218.67,Good but overpriced.,"Bailey, Barnes and Diaz"
BE100312,Beauty Edge 312,652.7,Perfect gift option!,Taylor Inc
BE100313,Beauty Support 313,160.65,Great quality and fast delivery!,Edwards-Moore
BE100314,Beauty Network 314,616.32,Great quality and fast delivery!,Proctor-Simmons
BE100315,Beauty Game 315,571.62,"Excellent product, highly recommend.","Hess, Cruz and Diaz"
BE100316,Beauty Spring 316,445.57,"Average experience, could be better.",Martin LLC
BE100317,Beauty Affect 317,700.21,Wouldn’t buy again.,Adams-Fleming
BE100318,Beauty Mean 318,66.93,Very durable and eco-friendly packaging.,Brennan LLC
BE100319,Beauty Late 319,892.32,"Average experience, could be better.",Allen-Jackson
BE100320,Beauty Partner 320,600.16,Perfect gift option!,Waller and Sons
BE100321,Beauty Suggest 321,855.02,Wouldn’t buy again.,"Rivera, Raymond and Walker"
BE100322,Beauty Stuff 322,200.61,Great quality and fast delivery!,Mcmillan Inc
BE100323,Beauty Strong 323,500.96,Perfect gift option!,Rose LLC
BE100324,Beauty Image 324,52.48,Very durable and eco-friendly packaging.,West-Hayes
BE100325,Beauty Outside 325,601.71,Great quality and fast delivery!,Smith Ltd
BE100326,Beauty Report 326,628.45,"Excellent product, highly recommend.","Davis, Smith and Schneider"
BE100327,Beauty Choose 327,875.64,"Excellent product, highly recommend.","Smith, Potter and Taylor"
BE100328,Beauty Question 328,285.27,Very durable and eco-friendly packaging.,"Harrell, Stone and Jones"
BE100329,Beauty Significant 329,128.69,Very durable and eco-friendly packaging.,Montoya-Garcia
BE100330,Beauty Hot 330,719.85,Great quality and fast delivery!,Duffy Inc
BE100331,Beauty Seem 331,794.19,Fantastic product with ethical sourcing.,Johnson PLC
BE100332,Beauty Minute 332,92.72,Great quality and fast delivery!,"Burke, Martin and Long"
BE100333,Beauty Spend 333,345.59,Good but overpriced.,Hill-Sullivan
BE100334,Beauty Season 334,528.47,Perfect gift option!,Brady Ltd
BE100335,Beauty News 335,301.37,"Average experience, could be better.",Prince-Wilson
BE100336,Beauty Weight 336,218.45,Fantastic product with ethical sourcing.,"Stewart, Page and James"
BE100337,Beauty Street 337,113.35,Not worth the price.,Gardner LLC
BE100338,Beauty Boy 338,281.56,Very durable and eco-friendly packaging.,"Johnson, Hoover and Hunter"
BE100339,Beauty Station 339,836.55,Perfect gift option!,Christian LLC
BE100340,Beauty Theory 340,493.85,Very durable and eco-friendly packaging.,"Phillips, Lopez and Torres"
BE100341,Beauty Next 341,51.48,Very durable and eco-friendly packaging.,"Williams, Montgomery and Perez"
BE100342,Beauty Father 342,573.85,Very durable and eco-friendly packaging.,Hernandez PLC
BE100343,Beauty Probably 343,761.8,Not worth the price.,Donaldson Inc
BE100344,Beauty Style 344,821.87,"Average experience, could be better.","Whitaker, Martin and Howard"
BE100345,Beauty Number 345,543.18,Good but overpriced.,"Willis, Brown and Payne"
BE100346,Beauty Population 346,824.51,Very durable and eco-friendly packaging.,Haney PLC
BE100347,Beauty Strategy 347,930.81,Good but overpriced.,"Morris, Frazier and Jackson"
BE100348,Beauty Improve 348,10.97,Perfect gift option!,"Martinez, Farmer and Ball"
BE100349,Beauty Program 349,338.04,"Excellent product, highly recommend.",Hall Group
BE100350,Beauty Increase 350,570.57,Good but overpriced.,Koch-Bryant
BE100351,Beauty Information 351,671.68,Fantastic product with ethical sourcing.,"Mills, Jones and Martinez"
BE100352,Beauty Technology 352,184.39,Satisfied with the purchase.,Cooley Group
BE100353,Beauty Event 353,685.52,Good but overpriced.,Osborne Inc
BE100354,Beauty Daughter 354,766.31,Fantastic product with ethical sourcing.,Bentley-Gill
BE100355,Beauty Inside 355,344.27,Not worth the price.,Moran-Mckay
BE100356,Beauty Evening 356,980.69,Great quality and fast delivery!,Peterson PLC
BE100357,Beauty Baby 357,328.84,Satisfied with the purchase.,Duncan-Humphrey
BE100358,Beauty Wife 358,94.6,Good but overpriced.,Gross PLC
BE100359,Beauty Financial 359,620.32,Great quality and fast delivery!,Peters-Richardson
BE100360,Beauty Share 360,288.75,Great quality and fast delivery!,Carter Group
BE100361,Beauty Far 361,373.54,Perfect gift option!,Greene-Hull
BE100362,Beauty Range 362,80.15,Very durable and eco-friendly packaging.,May Group
BE100363,Beauty Meeting 363,159.98,Satisfied with the purchase.,"Walker, Buckley and Briggs"
BE100364,Beauty Check 364,466.93,"Average experience, could be better.","Ochoa, Pearson and Carson"
BE100365,Beauty Finish 365,30.42,Wouldn’t buy again.,Gates LLC
BE100366,Beauty Arm 366,657.89,Satisfied with the purchase.,Patton Ltd
BE100367,Beauty Government 367,926.81,Not worth the price.,Griffin and Sons
BE100368,Beauty To 368,362.11,Good but overpriced.,Curtis-Cervantes
BE100369,Beauty Lay 369,343.83,Very durable and eco-friendly packaging.,Wilson-Nunez
BE100370,Beauty Pick 370,484.5,Perfect gift option!,Franklin Group
BE100371,Beauty Matter 371,7.6,Wouldn’t buy again.,Bishop-Taylor
BE100372,Beauty Movie 372,281.36,Satisfied with the purchase.,Bryant-Price
BE100373,Beauty To 373,383.74,Not worth the price.,"Pratt, Contreras and Johnson"
BE100374,Beauty Simply 374,922.83,Perfect gift option!,Walker-Stephens
BE100375,Beauty Road 375,306.46,"Average experience, could be better.",Wilson Group
BE100376,Beauty Main 376,757.15,Fantastic product with ethical sourcing.,Jenkins-Stewart
BE100377,Beauty Live 377,593.95,Satisfied with the purchase.,"Williams, Cole and Aguirre"
BE100378,Beauty Yet 378,831.65,Good but overpriced.,Brown Ltd
BE100379,Beauty Color 379,249.61,Not worth the price.,Chambers PLC
BE100380,Beauty Drug 380,692.0,"Average experience, could be better.","Kennedy, Johnson and Miller"
BE100381,Beauty Down 381,404.06,Satisfied with the purchase.,Fritz-Jackson
BE100382,Beauty Professor 382,233.87,Fantastic product with ethical sourcing.,Powers Inc
BE100383,Beauty Song 383,906.22,Not worth the price.,"Hansen, Park and Schneider"
BE100384,Beauty Produce 384,810.62,Great quality and fast delivery!,"Butler, Duncan and Sullivan"
BE100385,Beauty Quality 385,747.89,Very durable and eco-friendly packaging.,Monroe-Parker
BE100386,Beauty Mrs 386,687.95,"Average experience, could be better.","Adams, Phillips and Scott"
BE100387,Beauty Conference 387,212.39,Very durable and eco-friendly packaging.,Thomas-Davis
BE100388,Beauty Value 388,895.73,Great quality and fast delivery!,"Garcia, Peterson and Herman"
BE100389,Beauty Itself 389,672.68,Not worth the price.,Medina-Macdonald
BE100390,Beauty Eat 390,88.82,"Excellent product, highly recommend.","Jenkins, Gonzalez and Atkins"
BE100391,Beauty Represent 391,485.24,Great quality and fast delivery!,King-Jackson
BE100392,Beauty Human 392,171.75,Wouldn’t buy again.,"Brown, Lewis and Jones"
BE100393,Beauty Democrat 393,935.75,Not worth the price.,"Clark, Lucas and Nelson"
BE100394,Beauty Scientist 394,319.19,"Average experience, could be better.",Lopez-Clark
BE100395,Beauty Factor 395,331.75,Fantastic product with ethical sourcing.,Lopez-Ortega
BE100396,Beauty Single 396,447.51,Good but overpriced.,"Wyatt, Smith and Valdez"
BE100397,Beauty Human 397,302.18,"Average experience, could be better.",Miller-Parker
BE100398,Beauty Paper 398,719.64,Fantastic product with ethical sourcing.,"Travis, Smith and Gibbs"
BE100399,Beauty Team 399,820.86,Perfect gift option!,Nguyen-Mcdonald
BE100400,Beauty Source 400,552.28,Very durable and eco-friendly packaging.,Mccullough and Sons
BE100401,Beauty Meeting 401,562.19,Good but overpriced.,Flores-Johnson
BE100402,Beauty White 402,874.26,Perfect gift option!,Howard and Sons
BE100403,Beauty Debate 403,787.3,Fantastic product with ethical sourcing.,Williams-Mcintyre
BE100404,Beauty Current 404,809.34,"Excellent product, highly recommend.",Johnson-Boyd
BE100405,Beauty Goal 405,467.14,"Average experience, could be better.","Vaughn, Macias and Bell"
BE100406,Beauty Same 406,119.34,Perfect gift option!,"Browning, Schneider and Wolf"
BE100407,Beauty Control 407,584.74,Very durable and eco-friendly packaging.,Yoder-Tanner
BE100408,Beauty Detail 408,423.56,Great quality and fast delivery!,"Schmidt, Johnson and Jacobs"
BE100409,Beauty Purpose 409,145.71,"Excellent product, highly recommend.",Oconnell Group
BE100410,Beauty Challenge 410,202.0,Perfect gift option!,Vazquez LLC
BE100411,Beauty Black 411,677.32,Great quality and fast delivery!,Moses-Miller
BE100412,Beauty Value 412,326.08,Very durable and eco-friendly packaging.,"Steele, Wong and Banks"
BE100413,Beauty More 413,668.59,Great quality and fast delivery!,"Holmes, English and Sullivan"
BE100414,Beauty Try 414,105.72,Good but overpriced.,Sullivan-Knapp
BE100415,Beauty Boy 415,319.76,Satisfied with the purchase.,Smith Ltd
BE100416,Beauty Arm 416,31.0,Fantastic product with ethical sourcing.,Lucas-Baker
BE100417,Beauty Memory 417,239.12,"Average experience, could be better.",Garner-Wiley
BE100418,Beauty President 418,565.94,Good but overpriced.,Rhodes Inc
BE100419,Beauty Level 419,508.36,Very durable and eco-friendly packaging.,"Brown, Nicholson and Serrano"
BE100420,Beauty Show 420,280.96,"Excellent product, highly recommend.",Mccarthy Group
BE100421,Beauty Black 421,603.55,Fantastic product with ethical sourcing.,James LLC
BE100422,Beauty Hair 422,53.48,Satisfied with the purchase.,"Andrews, Gonzales and Williams"
BE100423,Beauty Hot 423,204.26,Satisfied with the purchase.,Osborn-Weber
BE100424,Beauty Home 424,614.98,Good but overpriced.,Rich-Hernandez
BE100425,Beauty Energy 425,184.05,Good but overpriced.,Young Ltd
BE100426,Beauty Fish 426,285.28,"Average experience, could be better.",Roberts LLC
BE100427,Beauty Himself 427,524.87,Great quality and fast delivery!,Wright LLC
BE100428,Beauty Each 428,345.22,Great quality and fast delivery!,Gonzales Ltd
BE100429,Beauty Particularly 429,18.26,Not worth the price.,Young and Sons
BE100430,Beauty Wish 430,63.66,Satisfied with the purchase.,Lopez LLC
BE100431,Beauty Day 431,166.98,"Excellent product, highly recommend.","Greene, Murphy and Alvarado"
BE100432,Beauty Important 432,841.45,Satisfied with the purchase.,"Lynch, Alvarado and Miller"
BE100433,Beauty Director 433,248.75,Wouldn’t buy again.,Wilson-Williams
BE100434,Beauty Do 434,612.28,Satisfied with the purchase.,Paul and Sons
BE100435,Beauty Politics 435,599.52,Good but overpriced.,"Simpson, Moore and Green"
BE100436,Beauty Research 436,130.57,Great quality and fast delivery!,Davis Ltd
BE100437,Beauty Fine 437,455.2,Very durable and eco-friendly packaging.,Brown-Williams
BE100438,Beauty Education 438,647.67,Satisfied with the purchase.,Francis LLC
BE100439,Beauty Increase 439,861.16,Wouldn’t buy again.,Reeves and Sons
BE100440,Beauty Its 440,221.19,Not worth the price.,"Robinson, Jones and Thompson"
BE100441,Beauty Tax 441,716.77,Not worth the price.,"Daniel, Parker and Blankenship"
BE100442,Beauty Among 442,269.29,Very durable and eco-friendly packaging.,Thomas-Mason
BE100443,Beauty Firm 443,510.03,Good but overpriced.,Brown Inc
BE100444,Beauty Question 444,515.59,Very durable and eco-friendly packaging.,Davis and Sons
BE100445,Beauty Pattern 445,15.16,Not worth the price.,"Perez, Johnson and Suarez"
BE100446,Beauty May 446,396.34,Perfect gift option!,Parks-Daniel
BE100447,Beauty Real 447,487.73,Not worth the price.,Thomas Group
BE100448,Beauty Cut 448,613.76,Not worth the price.,Decker-Francis
BE100449,Beauty Section 449,502.27,Good but overpriced.,"Yang, Farrell and Mack"
BE100450,Beauty Consider 450,570.41,"Average experience, could be better.",Johnson-Miller
BE100451,Beauty Area 451,937.21,Wouldn’t buy again.,"Ortega, Berry and Lewis"
BE100452,Beauty Market 452,787.07,Good but overpriced.,Wagner Inc
BE100453,Beauty Evening 453,327.93,Not worth the price.,"Stanton, Savage and Owens"
BE100454,Beauty Focus 454,448.05,Perfect gift option!,Williams-Thomas
BE100455,Beauty Example 455,324.85,Satisfied with the purchase.,Knight-Adams
BE100456,Beauty Determine 456,292.84,"Average experience, could be better.",Fox-Santana
BE100457,Beauty Seven 457,903.92,Satisfied with the purchase.,Johnson Ltd
BE100458,Beauty Race 458,700.92,Very durable and eco-friendly packaging.,"Armstrong, Campos and Fleming"
BE100459,Beauty Program 459,240.46,Good but overpriced.,"Smith, Morrison and Evans"
BE100460,Beauty Federal 460,146.13,Very durable and eco-friendly packaging.,"Williams, Smith and Hammond"
BE100461,Beauty Provide 461,362.21,Not worth the price.,Fisher-Cook
BE100462,Beauty Minute 462,364.38,Fantastic product with ethical sourcing.,Johnson Ltd
BE100463,Beauty Fact 463,79.42,"Excellent product, highly recommend.",Smith PLC
BE100464,Beauty Road 464,5.1,Fantastic product with ethical sourcing.,Weiss Ltd
BE100465,Beauty Move 465,609.95,Fantastic product with ethical sourcing.,Stewart and Sons
BE100466,Beauty Great 466,157.92,"Average experience, could be better.",Vaughn-Barton
BE100467,Beauty Ball 467,262.36,Good but overpriced.,Pearson-West
BE100468,Beauty Person 468,521.67,Satisfied with the purchase.,Thompson and Sons
BE100469,Beauty Land 469,812.91,Good but overpriced.,"Myers, Miranda and Boone"
BE100470,Beauty Plan 470,694.62,Good but overpriced.,Romero LLC
BE100471,Beauty Attorney 471,959.63,"Average experience, could be better.",Hernandez-Collier
BE100472,Beauty Approach 472,52.17,Perfect gift option!,Keith-Morrison
BE100473,Beauty Art 473,503.99,Great quality and fast delivery!,"Conner, Newton and Gray"
BE100474,Beauty Join 474,856.71,"Average experience, could be better.",Francis Inc
BE100475,Beauty That 475,636.89,Wouldn’t buy again.,"Estrada, Jones and Bender"
BE100476,Beauty Artist 476,405.02,Not worth the price.,Johnson Inc
BE100477,Beauty Really 477,100.82,Wouldn’t buy again.,Cummings-Nelson
BE100478,Beauty Perform 478,511.73,Good but overpriced.,Duran and Sons
BE100479,Beauty Husband 479,791.43,Perfect gift option!,Lee PLC
BE100480,Beauty Quite 480,52.94,Good but overpriced.,Scott LLC
BE100481,Beauty Student 481,599.77,Not worth the price.,Williams Inc
BE100482,Beauty Prevent 482,535.88,Perfect gift option!,Barr Ltd
BE100483,Beauty Win 483,194.81,Very durable and eco-friendly packaging.,Anderson-Anderson
BE100484,Beauty Final 484,922.36,Satisfied with the purchase.,Moore-Jones
BE100485,Beauty Couple 485,974.53,Great quality and fast delivery!,Bishop-Johnston
BE100486,Beauty Magazine 486,771.68,Fantastic product with ethical sourcing.,Parker-Jones
BE100487,Beauty Actually 487,961.12,Great quality and fast delivery!,Turner Inc
BE100488,Beauty Report 488,869.19,Fantastic product with ethical sourcing.,Walker Ltd
BE100489,Beauty Minute 489,94.83,Very durable and eco-friendly packaging.,"Brooks, Smith and Humphrey"
BE100490,Beauty Point 490,311.75,Perfect gift option!,Jones-Fox
BE100491,Beauty Understand 491,13.94,Wouldn’t buy again.,"Miranda, Hunter and Roth"
BE100492,Beauty Daughter 492,982.68,Fantastic product with ethical sourcing.,Hanson Inc
BE100493,Beauty Available 493,735.27,Satisfied with the purchase.,"Foley, Castro and Lawrence"
BE100494,Beauty Recognize 494,892.64,Great quality and fast delivery!,Obrien LLC
BE100495,Beauty Rise 495,836.17,Wouldn’t buy again.,"Miller, Erickson and Phillips"
BE100496,Beauty Moment 496,679.85,Good but overpriced.,Watson-Roberts
BE100497,Beauty Health 497,564.71,Satisfied with the purchase.,Espinoza-Phillips
BE100498,Beauty Actually 498,389.83,Perfect gift option!,"Griffin, Walker and Armstrong"
BE100499,Beauty Natural 499,547.27,Satisfied with the purchase.,Terry-White
BE100500,Beauty Computer 500,6.84,Not worth the price.,"Cooley, Knight and Smith"
BE100501,Beauty Heart 501,340.63,Perfect gift option!,Morris Group
BE100502,Beauty Century 502,594.7,Very durable and eco-friendly packaging.,"Miller, Ortiz and Martinez"
BE100503,Beauty Staff 503,325.9,Great quality and fast delivery!,Diaz-Stanley
BE100504,Beauty Finish 504,163.73,Fantastic product with ethical sourcing.,Anderson Group
BE100505,Beauty Oil 505,135.69,Good but overpriced.,Martinez-Beard
BE100506,Beauty Purpose 506,775.52,"Excellent product, highly recommend.","Johnson, Rivas and Hanson"
BE100507,Beauty Without 507,207.9,Not worth the price.,Miller PLC
BE100508,Beauty Happy 508,85.17,Fantastic product with ethical sourcing.,Brown LLC
BE100509,Beauty Girl 509,802.34,Very durable and eco-friendly packaging.,Miller-Koch
BE100510,Beauty Moment 510,398.0,"Average experience, could be better.",Barry-Morales
BE100511,Beauty Condition 511,610.51,"Average experience, could be better.",Aguilar-Jones
BE100512,Beauty Ground 512,328.21,Perfect gift option!,Rivera Group
BE100513,Beauty Want 513,238.25,Great quality and fast delivery!,Harris Ltd
BE100514,Beauty Type 514,83.5,Fantastic product with ethical sourcing.,Smith-Brewer
BE100515,Beauty Must 515,868.62,Great quality and fast delivery!,"Rogers, Jackson and Washington"
BE100516,Beauty Contain 516,591.42,"Excellent product, highly recommend.",Schmidt-Peterson
BE100517,Beauty Campaign 517,847.66,Satisfied with the purchase.,Harris PLC
BE100518,Beauty Message 518,560.3,Not worth the price.,Rangel-Zavala
BE100519,Beauty Turn 519,28.57,Not worth the price.,Morales LLC
BE100520,Beauty Already 520,131.38,Not worth the price.,"Johnson, Fleming and Harris"
BE100521,Beauty Middle 521,362.81,Satisfied with the purchase.,Rivera-Moore
BE100522,Beauty Miss 522,622.52,Not worth the price.,"Padilla, Martinez and Jordan"
BE100523,Beauty Call 523,466.71,Very durable and eco-friendly packaging.,Young Inc
BE100524,Beauty Seat 524,665.31,"Average experience, could be better.",Oconnor PLC
BE100525,Beauty Blue 525,339.59,Wouldn’t buy again.,Morris-Myers
BE100526,Beauty Fear 526,372.42,"Excellent product, highly recommend.",Rodriguez-Clark
BE100527,Beauty General 527,792.32,Fantastic product with ethical sourcing.,Lambert-Ramos
BE100528,Beauty Especially 528,631.44,Great quality and fast delivery!,Smith and Sons
BE100529,Beauty Speech 529,660.0,Good but overpriced.,Warren Ltd
BE100530,Beauty Who 530,164.4,Very durable and eco-friendly packaging.,Bernard-Smith
BE100531,Beauty Three 531,418.12,Satisfied with the purchase.,Cuevas Inc
BE100532,Beauty Know 532,219.16,Wouldn’t buy again.,Stewart-Moore
BE100533,Beauty To 533,122.2,Good but overpriced.,Marquez-Lewis
BE100534,Beauty Blood 534,396.61,Fantastic product with ethical sourcing.,Hill-Walker
BE100535,Beauty Teacher 535,452.6,Wouldn’t buy again.,Adkins-Hayes
BE100536,Beauty Live 536,50.31,Great quality and fast delivery!,Weaver Inc
BE100537,Beauty Offer 537,289.23,Great quality and fast delivery!,Houston PLC
BE100538,Beauty Individual 538,111.41,Satisfied with the purchase.,Mitchell Group
BE100539,Beauty Sense 539,298.36,"Excellent product, highly recommend.","Davis, Bowers and Soto"
BE100540,Beauty Identify 540,545.03,Perfect gift option!,Howe and Sons
BE100541,Beauty Reason 541,418.27,"Average experience, could be better.",Anderson Inc
BE100542,Beauty Support 542,212.99,Perfect gift option!,Francis LLC
BE100543,Beauty Question 543,969.86,Satisfied with the purchase.,"Powell, Jones and Brock"
BE100544,Beauty Market 544,718.1,Great quality and fast delivery!,Chen-Johnson
BE100545,Beauty Involve 545,736.8,"Average experience, could be better.",Armstrong Inc
BE100546,Beauty Hour 546,37.26,Fantastic product with ethical sourcing.,Blackburn LLC
BE100547,Beauty Industry 547,628.8,"Average experience, could be better.","Robinson, Shannon and Johnson"
BE100548,Beauty Let 548,841.99,"Average experience, could be better.",Perez-Gordon
BE100549,Beauty Move 549,588.87,Perfect gift option!,Wade-Ramos
BE100550,Beauty One 550,76.37,Great quality and fast delivery!,Davis Group
BE100551,Beauty Must 551,456.84,Not worth the price.,"Johnson, Ray and Hall"
BE100552,Beauty Apply 552,337.77,Very durable and eco-friendly packaging.,Gray LLC
BE100553,Beauty Weight 553,823.74,Very durable and eco-friendly packaging.,Phillips-Brewer
BE100554,Beauty Old 554,334.02,Perfect gift option!,Alexander PLC
BE100555,Beauty Stay 555,446.33,Good but overpriced.,Johnson and Sons
BE100556,Beauty Involve 556,450.81,Good but overpriced.,"Mckinney, Christensen and Vasquez"
BE100557,Beauty Stock 557,636.56,Wouldn’t buy again.,Alexander-Lang
BE100558,Beauty Health 558,353.04,"Average experience, could be better.","Barrett, Torres and Shah"
BE100559,Beauty Already 559,748.85,Perfect gift option!,Cox-Glenn
BE100560,Beauty Major 560,586.64,Not worth the price.,Carson-Turner
BE100561,Beauty Trouble 561,404.21,Very durable and eco-friendly packaging.,"Rios, Mitchell and Moon"
BE100562,Beauty Partner 562,518.1,Satisfied with the purchase.,Lewis LLC
BE100563,Beauty Always 563,618.02,"Average experience, could be better.",Durham-Roman
BE100564,Beauty Head 564,253.22,Wouldn’t buy again.,"Chapman, Henry and Hudson"
BE100565,Beauty Economic 565,426.39,Very durable and eco-friendly packaging.,Diaz and Sons
BE100566,Beauty Away 566,579.1,"Excellent product, highly recommend.",Lopez-Braun
BE100567,Beauty Effect 567,952.01,Not worth the price.,Stevenson-Johnson
BE100568,Beauty Serious 568,178.97,Great quality and fast delivery!,"Castaneda, Hunter and Bridges"
BE100569,Beauty Stay 569,714.93,Perfect gift option!,"Page, Hall and Smith"
BE100570,Beauty Yeah 570,389.23,Good but overpriced.,Cook-Stone
BE100571,Beauty Set 571,539.42,Satisfied with the purchase.,Kennedy LLC
BE100572,Beauty Born 572,222.35,Perfect gift option!,Clark PLC
BE100573,Beauty Ability 573,178.21,Satisfied with the purchase.,Ramirez-Jones
BE100574,Beauty Left 574,495.04,Very durable and eco-friendly packaging.,Hernandez-Mcbride
BE100575,Beauty Stay 575,470.69,Not worth the price.,"Ellison, Perez and Thompson"
BE100576,Beauty Woman 576,192.36,Fantastic product with ethical sourcing.,Hill and Sons
BE100577,Beauty Yourself 577,720.21,Not worth the price.,Baker Group
BE100578,Beauty Artist 578,123.16,Great quality and fast delivery!,Baker-Smith
BE100579,Beauty Agency 579,536.48,Satisfied with the purchase.,"Munoz, Mosley and Jones"
BE100580,Beauty Network 580,707.73,Great quality and fast delivery!,Meyer Group
BE100581,Beauty Most 581,478.81,Good but overpriced.,Preston-Hendrix
BE100582,Beauty Maintain 582,667.01,Very durable and eco-friendly packaging.,Murray-Moody
BE100583,Beauty Place 583,102.54,Fantastic product with ethical sourcing.,Richard Ltd
BE100584,Beauty Campaign 584,987.8,Wouldn’t buy again.,Mckinney-Zimmerman
BE100585,Beauty Expert 585,54.72,Very durable and eco-friendly packaging.,Jackson-Kidd
BE100586,Beauty Practice 586,37.42,"Excellent product, highly recommend.",Thomas-Abbott
BE100587,Beauty Chair 587,91.47,Fantastic product with ethical sourcing.,"Moreno, Smith and Patel"
BE100588,Beauty Program 588,241.1,Very durable and eco-friendly packaging.,Garza Ltd
BE100589,Beauty Example 589,371.78,Perfect gift option!,"Green, Hubbard and Gonzales"
BE100590,Beauty Occur 590,752.81,"Average experience, could be better.","Young, Taylor and Peterson"
BE100591,Beauty Miss 591,816.34,Good but overpriced.,Clark-Figueroa
BE100592,Beauty Education 592,545.19,Wouldn’t buy again.,Henderson Group
BE100593,Beauty Simply 593,142.43,Good but overpriced.,"Moreno, Wagner and Johnson"
BE100594,Beauty Simple 594,642.62,"Average experience, could be better.",Perez and Sons
BE100595,Beauty Page 595,751.3,Fantastic product with ethical sourcing.,King-Bell
BE100596,Beauty Bit 596,445.38,Satisfied with the purchase.,Randolph-Ortiz
BE100597,Beauty Offer 597,923.68,Satisfied with the purchase.,Hernandez-Green
BE100598,Beauty Human 598,266.26,Very durable and eco-friendly packaging.,Fields LLC
BE100599,Beauty Environment 599,543.3,Wouldn’t buy again.,"Weaver, Coleman and Andrews"
BE100600,Beauty Data 600,419.2,Good but overpriced.,"Miller, Fields and Nelson"
BE100601,Beauty Prove 601,983.11,Good but overpriced.,"Young, Madden and Mcintyre"
BE100602,Beauty Option 602,605.42,"Average experience, could be better.","Sanchez, Williams and Mitchell"
BE100603,Beauty Surface 603,212.07,Perfect gift option!,Davis-Flynn
BE100604,Beauty Best 604,878.0,Satisfied with the purchase.,Robbins-Norris
BE100605,Beauty None 605,793.49,"Excellent product, highly recommend.",Diaz Group
BE100606,Beauty Situation 606,519.48,Wouldn’t buy again.,"Ellis, Gonzales and Galloway"
BE100607,Beauty Answer 607,459.5,Wouldn’t buy again.,"Rocha, Hansen and Arroyo"
BE100608,Beauty Interest 608,574.39,Fantastic product with ethical sourcing.,King Group
BE100609,Beauty Professional 609,13.03,Perfect gift option!,Adams Ltd
BE100610,Beauty New 610,949.61,Wouldn’t buy again.,Carey and Sons
BE100611,Beauty After 611,66.49,Satisfied with the purchase.,Warren PLC
BE100612,Beauty Main 612,635.69,Satisfied with the purchase.,Stanley LLC
BE100613,Beauty Form 613,281.34,Very durable and eco-friendly packaging.,"Clements, Turner and Walton"
BE100614,Beauty Relationship 614,405.41,Satisfied with the purchase.,"Knight, Morris and Brown"
BE100615,Beauty New 615,258.0,Satisfied with the purchase.,May-Beard
BE100616,Beauty President 616,886.84,Fantastic product with ethical sourcing.,"Beltran, Johnson and Cardenas"
BE100617,Beauty Sit 617,335.66,"Average experience, could be better.","Franco, Hunter and Gonzalez"
BE100618,Beauty Its 618,59.2,Very durable and eco-friendly packaging.,"Fuller, Flores and Crosby"
BE100619,Beauty Hope 619,141.3,Great quality and fast delivery!,"Lewis, Powers and Martinez"
BE100620,Beauty Industry 620,133.93,"Average experience, could be better.",Pearson LLC
BE100621,Beauty Form 621,213.15,Fantastic product with ethical sourcing.,"Floyd, Cobb and Barker"
BE100622,Beauty Among 622,657.73,Perfect gift option!,"Smith, Bryant and Rogers"
BE100623,Beauty Know 623,555.94,Perfect gift option!,"Hernandez, Maldonado and Martinez"
BE100624,Beauty Than 624,479.64,Wouldn’t buy again.,Rodriguez-Knox
BE100625,Beauty Build 625,374.93,Fantastic product with ethical sourcing.,Gray LLC
BE100626,Beauty Simple 626,233.01,Wouldn’t buy again.,"Lee, Johnson and Matthews"
BE100627,Beauty Design 627,824.04,Perfect gift option!,Becker-Wilson
BE100628,Beauty Wish 628,143.11,Not worth the price.,Murray Ltd
BE100629,Beauty Treatment 629,225.15,Satisfied with the purchase.,Guerrero Inc
BE100630,Beauty By 630,426.99,Fantastic product with ethical sourcing.,"Schroeder, Burke and Robinson"
BE100631,Beauty Each 631,446.64,Very durable and eco-friendly packaging.,Gonzalez-Harris
BE100632,Beauty Else 632,585.27,Perfect gift option!,Smith LLC
BE100633,Beauty That 633,963.76,Very durable and eco-friendly packaging.,Stevens-Lewis
BE100634,Beauty Interview 634,511.82,Perfect gift option!,Torres-Bowen
BE100635,Beauty Prepare 635,5.52,Fantastic product with ethical sourcing.,"Mccarthy, Hall and Stewart"
BE100636,Beauty Rate 636,547.1,Wouldn’t buy again.,Reese-Browning
BE100637,Beauty None 637,398.87,Great quality and fast delivery!,"Burke, Nelson and Mitchell"
BE100638,Beauty Media 638,473.19,Fantastic product with ethical sourcing.,Thornton and Sons
BE100639,Beauty Professor 639,106.09,Satisfied with the purchase.,Adams Inc
BE100640,Beauty I 640,491.02,"Excellent product, highly recommend.",Walker PLC
BE100641,Beauty Get 641,547.52,"Average experience, could be better.",Riley-Wilson
BE100642,Beauty Company 642,549.05,Satisfied with the purchase.,"Graves, Vasquez and Watts"
BE100643,Beauty Tax 643,780.63,Wouldn’t buy again.,Jones Ltd
BE100644,Beauty Resource 644,170.11,Great quality and fast delivery!,Scott LLC
BE100645,Beauty Stuff 645,674.87,Very durable and eco-friendly packaging.,Park-Garcia
BE100646,Beauty Mother 646,439.34,Great quality and fast delivery!,"Barber, Taylor and Clark"
BE100647,Beauty Specific 647,588.84,"Average experience, could be better.","Allen, Harmon and Price"
BE100648,Beauty Serve 648,912.42,Very durable and eco-friendly packaging.,Hardy-Hurley
BE100649,Beauty President 649,134.68,Satisfied with the purchase.,Baldwin Group
BE100650,Beauty Tv 650,834.61,Very durable and eco-friendly packaging.,"Rollins, Carroll and Snyder"
BE100651,Beauty Surface 651,460.91,Satisfied with the purchase.,Baxter-Richardson
BE100652,Beauty Work 652,236.23,Not worth the price.,"Murphy, Wagner and Rodriguez"
BE100653,Beauty Own 653,586.1,Wouldn’t buy again.,"Clark, Williamson and Jones"
BE100654,Beauty Close 654,481.77,Perfect gift option!,Malone-Soto
BE100655,Beauty Hair 655,533.71,Not worth the price.,Smith-Hopkins
BE100656,Beauty Eat 656,472.79,Not worth the price.,Brown LLC
BE100657,Beauty Mind 657,556.86,Wouldn’t buy again.,Long-Perkins
BE100658,Beauty East 658,390.78,Satisfied with the purchase.,"Saunders, Houston and Hernandez"
BE100659,Beauty Per 659,303.73,Very durable and eco-friendly packaging.,"Villegas, Higgins and Fuentes"
BE100660,Beauty Nice 660,867.87,Wouldn’t buy again.,"Hill, Schmidt and King"
BE100661,Beauty Statement 661,786.21,Not worth the price.,Chang Group
BE100662,Beauty Conference 662,385.85,"Average experience, could be better.","Sanchez, Wallace and Lutz"
BE100663,Beauty Sign 663,559.57,Wouldn’t buy again.,Williams Ltd
BE100664,Beauty Particular 664,176.3,Good but overpriced.,Bowen-Bullock
BE100665,Beauty Entire 665,422.86,Wouldn’t buy again.,Thompson-Miller
BE100666,Beauty Marriage 666,480.93,"Excellent product, highly recommend.","Avila, Day and Ross"
BE100667,Beauty Require 667,665.47,"Excellent product, highly recommend.",Cabrera PLC
BE100668,Beauty Name 668,215.63,Great quality and fast delivery!,Bond Group
BE100669,Beauty Hospital 669,27.94,Satisfied with the purchase.,"Aguilar, Sharp and Allen"
BE100670,Beauty Themselves 670,244.18,"Average experience, could be better.",Zhang-Hanson
BE100671,Beauty Part 671,801.2,Very durable and eco-friendly packaging.,Wise and Sons
BE100672,Beauty While 672,168.69,Very durable and eco-friendly packaging.,"Brown, Stewart and Clayton"
BE100673,Beauty Arrive 673,415.6,Great quality and fast delivery!,Blackburn-Pope
BE100674,Beauty Fire 674,141.59,"Average experience, could be better.","Williams, Becker and Nguyen"
BE100675,Beauty Entire 675,606.22,"Average experience, could be better.",Boyd LLC
BE100676,Beauty Fish 676,214.83,Wouldn’t buy again.,Long PLC
BE100677,Beauty Of 677,848.99,"Average experience, could be better.",Webster-Lowe
BE100678,Beauty National 678,318.22,Fantastic product with ethical sourcing.,Brady-Graves
BE100679,Beauty Trouble 679,358.3,Not worth the price.,"Monroe, James and Cooper"
BE100680,Beauty Culture 680,588.21,Satisfied with the purchase.,"Dillon, Barry and Olson"
BE100681,Beauty Natural 681,995.35,Fantastic product with ethical sourcing.,"Ward, George and Pearson"
BE100682,Beauty Result 682,644.48,Satisfied with the purchase.,Sims LLC
BE100683,Beauty Even 683,84.0,Perfect gift option!,"Anderson, Lewis and Martinez"
BE100684,Beauty One 684,113.15,Wouldn’t buy again.,Rodriguez Group
BE100685,Beauty Really 685,149.95,"Excellent product, highly recommend.",Brennan-Goodwin
BE100686,Beauty Find 686,272.76,Satisfied with the purchase.,Brown PLC
BE100687,Beauty Heart 687,595.04,Good but overpriced.,Zimmerman and Sons
BE100688,Beauty Cut 688,226.1,"Average experience, could be better.","Thomas, Clark and Stevens"
BE100689,Beauty However 689,144.2,"Excellent product, highly recommend.","Scott, Miller and Caldwell"
BE100690,Beauty Move 690,915.22,Very durable and eco-friendly packaging.,"Peterson, Anderson and Watson"
BE100691,Beauty Bag 691,827.82,Fantastic product with ethical sourcing.,"Webb, Brown and Castillo"
BE100692,Beauty Continue 692,317.16,Great quality and fast delivery!,"Patterson, Cox and Thompson"
BE100693,Beauty Allow 693,637.01,"Excellent product, highly recommend.",Martinez-Evans
BE100694,Beauty Score 694,858.12,Very durable and eco-friendly packaging.,Erickson-Brewer
BE100695,Beauty Leader 695,778.51,Great quality and fast delivery!,"Martin, Reid and Young"
BE100696,Beauty Environment 696,763.82,Perfect gift option!,"Hopkins, Rogers and Maldonado"
BE100697,Beauty Public 697,166.13,Satisfied with the purchase.,Wise and Sons
BE100698,Beauty Summer 698,784.92,"Average experience, could be better.",Johnson Ltd
BE100699,Beauty Operation 699,245.35,Fantastic product with ethical sourcing.,Miller and Sons
BE100700,Beauty Wrong 700,829.86,Fantastic product with ethical sourcing.,Scott-Nelson
BE100701,Beauty Similar 701,488.79,Not worth the price.,Mitchell LLC
BE100702,Beauty Space 702,912.29,Not worth the price.,Thomas-Randolph
BE100703,Beauty Prove 703,386.46,Fantastic product with ethical sourcing.,Williams-Sweeney
BE100704,Beauty Left 704,788.41,"Average experience, could be better.",Wright-Williams
BE100705,Beauty Sister 705,126.33,Wouldn’t buy again.,Hardy-Holt
BE100706,Beauty Save 706,147.37,"Average experience, could be better.",Baker-Jones
BE100707,Beauty Challenge 707,284.34,Fantastic product with ethical sourcing.,Hanson-Gordon
BE100708,Beauty Task 708,462.89,Satisfied with the purchase.,Brown Group
BE100709,Beauty Food 709,243.03,Fantastic product with ethical sourcing.,"Walker, Bonilla and Campbell"
BE100710,Beauty Bring 710,490.4,Great quality and fast delivery!,"Smith, Ball and Dennis"
BE100711,Beauty Agreement 711,897.13,Great quality and fast delivery!,Sawyer-Ayers
BE100712,Beauty Movie 712,615.3,Fantastic product with ethical sourcing.,Coleman Ltd
BE100713,Beauty Itself 713,396.47,Fantastic product with ethical sourcing.,"Richardson, Paul and Gilbert"
BE100714,Beauty Pick 714,607.61,Good but overpriced.,Smith and Sons
BE100715,Beauty Suggest 715,629.21,"Average experience, could be better.","Roberson, Gonzalez and Blake"
BE100716,Beauty Page 716,198.04,Wouldn’t buy again.,Lowe-Lawrence
BE100717,Beauty Official 717,627.23,"Average experience, could be better.","House, Mills and Vargas"
BE100718,Beauty Choose 718,535.28,"Average experience, could be better.","Dixon, Lee and Petty"
BE100719,Beauty Instead 719,881.41,"Average experience, could be better.",Munoz LLC
BE100720,Beauty Five 720,901.41,Perfect gift option!,Olson Group
BE100721,Beauty Sport 721,13.99,Satisfied with the purchase.,"Klein, Hudson and Oconnor"
BE100722,Beauty Public 722,43.58,"Excellent product, highly recommend.",Friedman LLC
BE100723,Beauty World 723,564.45,"Average experience, could be better.",Palmer LLC
BE100724,Beauty Doctor 724,657.82,Satisfied with the purchase.,Waters-Smith
BE100725,Beauty Agency 725,787.2,Perfect gift option!,Holt Inc
BE100726,Beauty Among 726,447.35,Perfect gift option!,Henderson-Richards
BE100727,Beauty Old 727,102.91,"Excellent product, highly recommend.",Vincent-Roberts
BE100728,Beauty Small 728,473.08,"Average experience, could be better.","Murphy, Rodriguez and Yang"
BE100729,Beauty Few 729,147.01,Perfect gift option!,Miller-Russell
BE100730,Beauty Former 730,968.18,Great quality and fast delivery!,"Bright, Wolfe and Gutierrez"
BE100731,Beauty Law 731,587.29,Not worth the price.,Hawkins-Cuevas
BE100732,Beauty Federal 732,144.8,"Average experience, could be better.",Reed-Bender
BE100733,Beauty About 733,464.0,"Average experience, could be better.",Butler PLC
BE100734,Beauty Expert 734,17.54,Perfect gift option!,Stanton-Randolph
BE100735,Beauty Partner 735,539.25,Satisfied with the purchase.,Decker and Sons
BE100736,Beauty Remember 736,42.51,Very durable and eco-friendly packaging.,Phillips and Sons
BE100737,Beauty Close 737,15.67,Not worth the price.,Barrett Ltd
BE100738,Beauty Focus 738,626.04,"Excellent product, highly recommend.",Bridges-Everett
BE100739,Beauty Section 739,430.23,Perfect gift option!,Crawford PLC
BE100740,Beauty Development 740,916.82,Fantastic product with ethical sourcing.,"Andrews, Carter and Ray"
BE100741,Beauty Section 741,828.71,Not worth the price.,"Alexander, Foster and Thompson"
BE100742,Beauty Own 742,982.22,Fantastic product with ethical sourcing.,"Rocha, Marshall and Potter"
BE100743,Beauty Society 743,992.65,Not worth the price.,Roberts-Brooks
BE100744,Beauty I 744,478.46,Wouldn’t buy again.,Macdonald-Meyer
BE100745,Beauty Up 745,726.78,Not worth the price.,"Jones, Young and Snow"
BE100746,Beauty Late 746,592.78,Fantastic product with ethical sourcing.,Garcia-Wolfe
BE100747,Beauty Voice 747,235.59,Wouldn’t buy again.,"Olson, Torres and Johnson"
BE100748,Beauty Our 748,425.51,Wouldn’t buy again.,Wang-Franco
BE100749,Beauty Resource 749,983.84,Great quality and fast delivery!,Medina-Becker
BE100750,Beauty Read 750,381.38,"Excellent product, highly recommend.","Cross, Lopez and Holland"
BE100751,Beauty Soldier 751,615.12,"Average experience, could be better.",Petersen-Curtis
BE100752,Beauty Media 752,127.03,Good but overpriced.,Buck Ltd
BE100753,Beauty Ability 753,522.76,Perfect gift option!,Bennett and Sons
BE100754,Beauty Point 754,34.11,Perfect gift option!,"Byrd, Tran and Washington"
BE100755,Beauty Land 755,981.19,Wouldn’t buy again.,Smith and Sons
BE100756,Beauty Son 756,346.64,Great quality and fast delivery!,Kim PLC
BE100757,Beauty Maintain 757,51.08,Very durable and eco-friendly packaging.,"Avila, Jackson and Holmes"
BE100758,Beauty Maintain 758,870.67,Satisfied with the purchase.,"Johnston, Summers and Bond"
BE100759,Beauty Picture 759,865.55,Great quality and fast delivery!,"Hicks, Galloway and Williamson"
BE100760,Beauty More 760,944.89,Fantastic product with ethical sourcing.,Carpenter-Garrett
BE100761,Beauty Yes 761,314.13,Satisfied with the purchase.,Day Group
BE100762,Beauty Out 762,148.03,Good but overpriced.,"Moore, Gardner and Willis"
BE100763,Beauty Citizen 763,906.39,Good but overpriced.,"Carpenter, Mason and Zuniga"
BE100764,Beauty Reason 764,401.36,Wouldn’t buy again.,"Castillo, Perry and Maddox"
BE100765,Beauty Son 765,511.88,Fantastic product with ethical sourcing.,Larsen-Peterson
BE100766,Beauty Reflect 766,800.04,Fantastic product with ethical sourcing.,Stephens PLC
BE100767,Beauty Official 767,274.17,Not worth the price.,"Bryant, Mullins and Downs"
BE100768,Beauty When 768,779.75,Perfect gift option!,Banks Inc
BE100769,Beauty Seven 769,532.58,Very durable and eco-friendly packaging.,Davis Ltd
BE100770,Beauty Factor 770,298.23,"Excellent product, highly recommend.","Hernandez, Braun and George"
BE100771,Beauty Probably 771,871.96,"Average experience, could be better.",Vega-Welch
BE100772,Beauty Box 772,426.53,Fantastic product with ethical sourcing.,Allison Group
BE100773,Beauty Candidate 773,882.29,Very durable and eco-friendly packaging.,Page-Adams
BE100774,Beauty Factor 774,76.54,Very durable and eco-friendly packaging.,Ferguson Group
BE100775,Beauty From 775,256.35,"Excellent product, highly recommend.","Davidson, Tate and Rollins"
BE100776,Beauty Why 776,61.0,Wouldn’t buy again.,"Conway, Sutton and Flores"
BE100777,Beauty Summer 777,520.01,Very durable and eco-friendly packaging.,"George, Lewis and Hobbs"
BE100778,Beauty Trouble 778,920.34,Satisfied with the purchase.,"Rogers, Campbell and Anderson"
BE100779,Beauty Plant 779,938.04,Not worth the price.,"Carter, Ayala and Hernandez"
BE100780,Beauty Use 780,535.43,"Average experience, could be better.",Terry-Avila
BE100781,Beauty Drop 781,587.07,Good but overpriced.,Parker-Payne
BE100782,Beauty Stage 782,459.74,Good but overpriced.,Gray LLC
BE100783,Beauty Tv 783,265.23,Not worth the price.,Jones-Henson
BE100784,Beauty Usually 784,563.0,"Average experience, could be better.",Hayes-Hendrix
BE100785,Beauty Minute 785,365.25,"Excellent product, highly recommend.",White-Rivera
BE100786,Beauty Crime 786,192.6,Great quality and fast delivery!,"Levy, Williams and Jacobs"
BE100787,Beauty Beyond 787,498.52,"Average experience, could be better.",Moore-King
BE100788,Beauty Spring 788,498.22,Not worth the price.,"Bailey, Gonzalez and Collins"
BE100789,Beauty Not 789,219.14,Fantastic product with ethical sourcing.,"Mcdonald, Dennis and Gonzalez"
BE100790,Beauty Church 790,270.11,Not worth the price.,Stephens-Pennington
BE100791,Beauty Buy 791,253.66,Great quality and fast delivery!,Barrett-Rodriguez
BE100792,Beauty Anything 792,681.79,"Excellent product, highly recommend.",Jones-Miller
BE100793,Beauty Participant 793,585.64,"Excellent product, highly recommend.",Andrews LLC
BE100794,Beauty Later 794,58.86,Good but overpriced.,Ochoa Group
BE100795,Beauty Responsibility 795,583.28,Perfect gift option!,"Thomas, Delgado and Salas"
BE100796,Beauty Technology 796,279.92,Not worth the price.,"Murillo, Rogers and Myers"
BE100797,Beauty President 797,699.35,Great quality and fast delivery!,"Potts, Lopez and Curry"
BE100798,Beauty Far 798,321.98,Good but overpriced.,Powell-Riggs
BE100799,Beauty Officer 799,740.85,"Excellent product, highly recommend.",Mora Group
BE100800,Beauty Find 800,569.91,"Average experience, could be better.","Larson, Barrett and Campbell"
BE100801,Beauty Write 801,828.05,Wouldn’t buy again.,Frost-Anderson
BE100802,Beauty Too 802,931.07,Perfect gift option!,"Davies, Rojas and Marsh"
BE100803,Beauty Whatever 803,182.09,Good but overpriced.,Martin-Hahn
BE100804,Beauty Three 804,275.98,"Excellent product, highly recommend.",Young Inc
BE100805,Beauty Benefit 805,305.7,"Excellent product, highly recommend.",Stevens-Johnson
BE100806,Beauty Or 806,583.52,Wouldn’t buy again.,Anderson Ltd
BE100807,Beauty Relate 807,274.25,Perfect gift option!,"Hubbard, Clark and Shannon"
BE100808,Beauty Blue 808,749.09,Satisfied with the purchase.,"Phillips, Franklin and Lewis"
BE100809,Beauty Leg 809,268.27,Good but overpriced.,Dean-Lee
BE100810,Beauty Ten 810,973.62,Perfect gift option!,Edwards Ltd
BE100811,Beauty Hold 811,677.72,"Average experience, could be better.","Werner, Rowland and Munoz"
BE100812,Beauty Officer 812,479.93,Fantastic product with ethical sourcing.,Warren-Harvey
BE100813,Beauty Pm 813,988.74,Very durable and eco-friendly packaging.,Wolf PLC
BE100814,Beauty Finally 814,684.16,Good but overpriced.,Ray-Mcknight
BE100815,Beauty Might 815,18.05,"Average experience, could be better.",Meadows-Ortiz
BE100816,Beauty Over 816,402.61,Not worth the price.,Martin PLC
BE100817,Beauty Much 817,114.45,Good but overpriced.,"Barrett, Klein and Valentine"
BE100818,Beauty Purpose 818,194.95,Not worth the price.,Mack Ltd
BE100819,Beauty Appear 819,82.07,Satisfied with the purchase.,Sanchez-Martinez
BE100820,Beauty My 820,340.57,Fantastic product with ethical sourcing.,"Miller, Hernandez and Hudson"
BE100821,Beauty Out 821,695.17,Perfect gift option!,Smith Ltd
BE100822,Beauty Radio 822,209.52,Fantastic product with ethical sourcing.,Tyler Group
BE100823,Beauty Receive 823,339.27,Satisfied with the purchase.,Lindsey-White
BE100824,Beauty Than 824,721.63,Great quality and fast delivery!,Mitchell-Gross
BE100825,Beauty Always 825,756.6,Great quality and fast delivery!,"Browning, Lane and Orozco"
BE100826,Beauty Where 826,591.43,Not worth the price.,Davis-Becker
BE100827,Beauty Night 827,780.63,Good but overpriced.,Li-Obrien
BE100828,Beauty Knowledge 828,284.19,Very durable and eco-friendly packaging.,Lewis Inc
BE100829,Beauty May 829,579.28,Perfect gift option!,Garcia Ltd
BE100830,Beauty Detail 830,301.23,Perfect gift option!,Jones-Thomas
BE100831,Beauty Adult 831,462.71,Wouldn’t buy again.,Lyons-Hoover
BE100832,Beauty Age 832,774.71,Perfect gift option!,Snow Group
BE100833,Beauty Quickly 833,354.06,Very durable and eco-friendly packaging.,Baldwin-Dunlap
BE100834,Beauty Stock 834,339.91,Perfect gift option!,Smith and Sons
BE100835,Beauty Much 835,994.2,Wouldn’t buy again.,Carroll Inc
BE100836,Beauty Company 836,61.71,Wouldn’t buy again.,Graves-Jones
BE100837,Beauty Enjoy 837,435.1,"Excellent product, highly recommend.","Villegas, Shaffer and Rodriguez"
BE100838,Beauty Discuss 838,440.22,"Excellent product, highly recommend.",Johnson LLC
BE100839,Beauty Remember 839,248.45,Wouldn’t buy again.,Wells-Potter
BE100840,Beauty Wish 840,344.84,"Excellent product, highly recommend.",Smith-Brown
BE100841,Beauty Ball 841,922.02,Not worth the price.,Mcclure-Johnson
BE100842,Beauty Eye 842,106.74,Wouldn’t buy again.,Phillips LLC
BE100843,Beauty Style 843,187.96,"Excellent product, highly recommend.","Freeman, Reeves and Hickman"
BE100844,Beauty Education 844,144.06,Perfect gift option!,Green-Hughes
BE100845,Beauty Lawyer 845,186.89,Not worth the price.,Harris-Brown
BE100846,Beauty Those 846,950.97,Perfect gift option!,Brown-Shah
BE100847,Beauty Peace 847,451.5,Great quality and fast delivery!,Green Inc
BE100848,Beauty Success 848,957.46,"Excellent product, highly recommend.",Pennington-Harris
BE100849,Beauty My 849,962.5,Fantastic product with ethical sourcing.,Dodson-Williams
BE100850,Beauty Hold 850,630.27,"Excellent product, highly recommend.",Kim and Sons
BE100851,Beauty Resource 851,569.06,Satisfied with the purchase.,"Clark, Barry and Allen"
BE100852,Beauty Campaign 852,509.76,Perfect gift option!,Keller and Sons
BE100853,Beauty Able 853,911.21,Wouldn’t buy again.,Park and Sons
BE100854,Beauty Himself 854,839.02,Satisfied with the purchase.,Baker Ltd
BE100855,Beauty Young 855,114.92,Good but overpriced.,"Graham, Lucero and Lane"
BE100856,Beauty Down 856,602.17,Perfect gift option!,"Powers, Osborne and Garcia"
BE100857,Beauty Garden 857,824.35,"Average experience, could be better.",Sanchez-Contreras
BE100858,Beauty Perform 858,120.4,Fantastic product with ethical sourcing.,"Winters, Williams and Morris"
BE100859,Beauty Seek 859,87.4,Fantastic product with ethical sourcing.,"Garrett, Moses and Case"
BE100860,Beauty Trip 860,666.22,Fantastic product with ethical sourcing.,Mendoza-Richardson
BE100861,Beauty Show 861,396.42,Fantastic product with ethical sourcing.,Holmes LLC
BE100862,Beauty Politics 862,686.74,Perfect gift option!,Owen-Thompson
BE100863,Beauty Perhaps 863,747.63,Very durable and eco-friendly packaging.,Smith Ltd
BE100864,Beauty Smile 864,316.05,Wouldn’t buy again.,"Colon, Glass and Anderson"
BE100865,Beauty Message 865,482.73,Not worth the price.,Walker-Dawson
BE100866,Beauty The 866,398.76,Satisfied with the purchase.,Mueller-Olson
BE100867,Beauty Official 867,437.73,Very durable and eco-friendly packaging.,Willis-Tucker
BE100868,Beauty Type 868,155.22,Perfect gift option!,"Jordan, Serrano and Howell"
BE100869,Beauty Stay 869,392.43,Satisfied with the purchase.,"Brown, Ramirez and Evans"
BE100870,Beauty Education 870,292.98,Satisfied with the purchase.,"Andersen, Reed and Ramirez"
BE100871,Beauty About 871,411.96,Perfect gift option!,Young Ltd
BE100872,Beauty Life 872,941.28,Great quality and fast delivery!,Thomas LLC
BE100873,Beauty Nation 873,613.59,Fantastic product with ethical sourcing.,Rodriguez-Kaiser
BE100874,Beauty Between 874,13.28,Fantastic product with ethical sourcing.,Doyle LLC
BE100875,Beauty Read 875,436.21,Wouldn’t buy again.,"Gould, Kim and Thompson"
BE100876,Beauty Across 876,273.78,"Average experience, could be better.",Kelly-Jackson
BE100877,Beauty Kid 877,137.83,Perfect gift option!,"Hart, Pacheco and Murphy"
BE100878,Beauty Someone 878,230.08,Wouldn’t buy again.,Ryan Group
BE100879,Beauty Change 879,953.21,Good but overpriced.,Franklin-Moore
BE100880,Beauty Read 880,413.07,Great quality and fast delivery!,Kelley Group
BE100881,Beauty Bed 881,457.46,Satisfied with the purchase.,"Calderon, Simpson and Bryan"
BE100882,Beauty Study 882,952.06,Great quality and fast delivery!,Mcgee-Nelson
BE100883,Beauty Reason 883,507.01,"Average experience, could be better.","Watson, Weber and Thompson"
BE100884,Beauty Enjoy 884,434.35,Very durable and eco-friendly packaging.,Rowland Group
BE100885,Beauty Cost 885,642.23,Great quality and fast delivery!,Mcgee-Allen
BE100886,Beauty Act 886,64.86,Perfect gift option!,"Hart, Hendrix and Bennett"
BE100887,Beauty By 887,332.16,Not worth the price.,"Smith, Johnson and Moore"
BE100888,Beauty Sister 888,609.34,Great quality and fast delivery!,"Stevenson, Avery and Simon"
BE100889,Beauty Role 889,426.16,Good but overpriced.,Byrd and Sons
BE100890,Beauty Quickly 890,484.39,Great quality and fast delivery!,Miller and Sons
BE100891,Beauty General 891,128.34,"Average experience, could be better.","Wall, Avery and Reynolds"
BE100892,Beauty Data 892,573.3,Wouldn’t buy again.,Boyer-Morris
BE100893,Beauty Deep 893,418.0,Good but overpriced.,"Burns, Adams and Yu"
BE100894,Beauty Eye 894,226.14,"Excellent product, highly recommend.",Morris Ltd
BE100895,Beauty Case 895,521.96,Fantastic product with ethical sourcing.,"Wade, Wilson and Blankenship"
BE100896,Beauty Sit 896,388.87,Not worth the price.,Roman PLC
BE100897,Beauty Must 897,143.85,Wouldn’t buy again.,Brooks-Cunningham
BE100898,Beauty Blood 898,464.74,Fantastic product with ethical sourcing.,Phillips-Smith
BE100899,Beauty Sister 899,122.51,"Average experience, could be better.","Mathews, Werner and Marshall"
BE100900,Beauty Poor 900,414.45,Satisfied with the purchase.,Cook-Wallace
BE100901,Beauty Yes 901,856.76,Great quality and fast delivery!,"White, Hudson and James"
BE100902,Beauty Young 902,308.36,"Excellent product, highly recommend.",Davis Ltd
BE100903,Beauty Left 903,787.09,Great quality and fast delivery!,Quinn-Morgan
BE100904,Beauty Push 904,960.82,Fantastic product with ethical sourcing.,Miles-Smith
BE100905,Beauty Right 905,906.6,Good but overpriced.,Thomas Group
BE100906,Beauty Raise 906,959.53,Very durable and eco-friendly packaging.,King and Sons
BE100907,Beauty System 907,799.9,Good but overpriced.,Wilcox LLC
BE100908,Beauty American 908,659.56,"Excellent product, highly recommend.",Robbins-White
BE100909,Beauty Address 909,357.05,Wouldn’t buy again.,"Camacho, Martinez and Garcia"
BE100910,Beauty Power 910,5.05,Good but overpriced.,Krueger LLC
BE100911,Beauty Or 911,341.91,Wouldn’t buy again.,Ford Ltd
BE100912,Beauty Tv 912,417.24,Perfect gift option!,Becker PLC
BE100913,Beauty Thing 913,471.58,"Average experience, could be better.",Whitehead-Cantrell
BE100914,Beauty Special 914,193.25,Not worth the price.,"Howard, Cannon and Zamora"
BE100915,Beauty Kitchen 915,400.38,Wouldn’t buy again.,Taylor-Barber
BE100916,Beauty During 916,611.71,Satisfied with the purchase.,Richardson-Crawford
BE100917,Beauty Young 917,213.64,"Excellent product, highly recommend.","Mclean, Garcia and Haynes"
BE100918,Beauty Attorney 918,782.69,Wouldn’t buy again.,Lamb Inc
BE100919,Beauty Happen 919,711.95,Wouldn’t buy again.,Price LLC
BE100920,Beauty Often 920,276.96,Great quality and fast delivery!,Wilson-Scott
BE100921,Beauty Record 921,553.25,"Average experience, could be better.",Benjamin Ltd
BE100922,Beauty Each 922,294.98,Great quality and fast delivery!,"Horton, Allen and Elliott"
BE100923,Beauty Without 923,854.75,"Average experience, could be better.",Pineda Group
BE100924,Beauty Big 924,329.55,Wouldn’t buy again.,Hicks-Lopez
BE100925,Beauty Wear 925,611.51,"Excellent product, highly recommend.",Cummings-Rodriguez
BE100926,Beauty Effort 926,218.8,"Average experience, could be better.",Hess Inc
BE100927,Beauty Account 927,197.85,"Excellent product, highly recommend.",Olson-Robinson
BE100928,Beauty Interest 928,175.31,Good but overpriced.,Rios PLC
BE100929,Beauty Air 929,579.52,Perfect gift option!,"Freeman, Jones and Martin"
BE100930,Beauty By 930,531.74,Not worth the price.,Nichols-Cooper
BE100931,Beauty Spring 931,53.63,"Excellent product, highly recommend.",Nichols-Munoz
BE100932,Beauty Friend 932,697.33,Perfect gift option!,Brooks-Garza
BE100933,Beauty Rate 933,776.33,Fantastic product with ethical sourcing.,Garcia and Sons
BE100934,Beauty Impact 934,265.91,"Excellent product, highly recommend.",Hamilton-Washington
BE100935,Beauty Determine 935,929.14,Great quality and fast delivery!,Watson PLC
BE100936,Beauty Quality 936,87.41,"Excellent product, highly recommend.",Williams and Sons
BE100937,Beauty Bar 937,968.35,Very durable and eco-friendly packaging.,Garcia-Thompson
BE100938,Beauty Under 938,839.37,Wouldn’t buy again.,Knight Ltd
BE100939,Beauty Section 939,439.71,Very durable and eco-friendly packaging.,Dillon-Pearson
BE100940,Beauty Hundred 940,685.51,"Average experience, could be better.",Daniel PLC
BE100941,Beauty Certain 941,629.77,"Excellent product, highly recommend.",Harris-Irwin
BE100942,Beauty Pull 942,723.38,Perfect gift option!,Graham and Sons
BE100943,Beauty Individual 943,880.21,"Average experience, could be better.",Jones-Bright
BE100944,Beauty Pattern 944,168.81,"Average experience, could be better.","Pena, Frazier and Taylor"
BE100945,Beauty Option 945,745.71,Satisfied with the purchase.,"Owen, Watts and Thomas"
BE100946,Beauty Follow 946,720.43,Satisfied with the purchase.,"Hayes, Carter and Hobbs"
BE100947,Beauty Week 947,567.64,Great quality and fast delivery!,Baker Inc
BE100948,Beauty Population 948,500.28,Very durable and eco-friendly packaging.,"Brown, Fitzpatrick and Robbins"
BE100949,Beauty Expert 949,90.58,"Excellent product, highly recommend.","Pham, Garcia and Martinez"
BE100950,Beauty Center 950,797.6,Fantastic product with ethical sourcing.,Douglas and Sons
BE100951,Beauty Environment 951,397.33,Fantastic product with ethical sourcing.,Franklin Inc
BE100952,Beauty Door 952,210.56,Not worth the price.,"Johnson, Lopez and Mclaughlin"
BE100953,Beauty Middle 953,526.16,Satisfied with the purchase.,Perez-Kim
BE100954,Beauty Father 954,672.02,Satisfied with the purchase.,"Rodriguez, Smith and Lopez"
BE100955,Beauty Evidence 955,631.1,Not worth the price.,Harris-Hart
BE100956,Beauty Everything 956,624.84,Good but overpriced.,Valentine-Kelley
BE100957,Beauty Sell 957,635.57,Not worth the price.,"Smith, Fitzpatrick and Haas"
BE100958,Beauty Time 958,677.96,Very durable and eco-friendly packaging.,Hernandez-Swanson
BE100959,Beauty Series 959,813.59,Great quality and fast delivery!,Soto and Sons
BE100960,Beauty Federal 960,562.27,Not worth the price.,"Davis, Anderson and Le"
BE100961,Beauty Walk 961,869.48,Great quality and fast delivery!,"Thomas, Hendricks and Norman"
BE100962,Beauty Major 962,502.39,"Excellent product, highly recommend.",Frost PLC
BE100963,Beauty Price 963,565.26,Fantastic product with ethical sourcing.,Graves-Fox
BE100964,Beauty Agent 964,851.82,Very durable and eco-friendly packaging.,"Peck, Anderson and Klein"
BE100965,Beauty Purpose 965,664.33,Great quality and fast delivery!,Palmer and Sons
BE100966,Beauty Study 966,642.24,Good but overpriced.,"Hensley, Smith and Terrell"
BE100967,Beauty Board 967,502.48,Fantastic product with ethical sourcing.,"Payne, Hayden and Sellers"
BE100968,Beauty Charge 968,782.69,Great quality and fast delivery!,Schneider Inc
BE100969,Beauty Must 969,48.95,"Average experience, could be better.","Edwards, Patterson and Juarez"
BE100970,Beauty Mission 970,369.94,Perfect gift option!,Mills Ltd
BE100971,Beauty Fight 971,304.2,Wouldn’t buy again.,"Gonzales, Garcia and Mcclure"
BE100972,Beauty Question 972,856.55,Not worth the price.,Smith PLC
BE100973,Beauty Strong 973,640.78,Great quality and fast delivery!,Rogers Ltd
BE100974,Beauty Friend 974,602.2,Good but overpriced.,Adams Group
BE100975,Beauty Be 975,742.23,Good but overpriced.,Guzman Group
BE100976,Beauty Report 976,202.55,Satisfied with the purchase.,Prince Inc
BE100977,Beauty Shoulder 977,172.83,"Excellent product, highly recommend.","Oconnor, Estrada and Lewis"
BE100978,Beauty Deep 978,910.95,"Average experience, could be better.","Hamilton, Perez and Jensen"
BE100979,Beauty Similar 979,16.88,Not worth the price.,Brewer Group
BE100980,Beauty Cost 980,455.25,Great quality and fast delivery!,Crosby-Sanchez
BE100981,Beauty Two 981,182.94,Satisfied with the purchase.,Parker-Aguilar
BE100982,Beauty Mission 982,24.91,"Average experience, could be better.",Burns-Mcdowell
BE100983,Beauty At 983,787.61,Perfect gift option!,Heath Inc
BE100984,Beauty Color 984,293.54,Good but overpriced.,Murray Inc
BE100985,Beauty Window 985,803.67,Good but overpriced.,Stout Ltd
BE100986,Beauty Interesting 986,313.02,Good but overpriced.,Nguyen Group
BE100987,Beauty Culture 987,96.45,Satisfied with the purchase.,Soto and Sons
BE100988,Beauty Individual 988,334.82,Not worth the price.,"Williams, Lee and Powell"
BE100989,Beauty Dream 989,135.61,"Average experience, could be better.",Mueller-Navarro
BE100990,Beauty Because 990,339.73,Very durable and eco-friendly packaging.,"Johnson, Carpenter and Edwards"
BE100991,Beauty Certain 991,545.94,"Average experience, could be better.",Rogers Group
BE100992,Beauty Allow 992,935.25,Good but overpriced.,"Martin, Jones and Brown"
BE100993,Beauty Per 993,26.01,Satisfied with the purchase.,"Atkinson, Ferguson and Garcia"
BE100994,Beauty Second 994,733.72,Great quality and fast delivery!,"Patrick, Turner and Hicks"
BE100995,Beauty In 995,36.05,Good but overpriced.,"Richards, Lee and Hernandez"
BE100996,Beauty Describe 996,329.17,Great quality and fast delivery!,Johnson-Gibson
BE100997,Beauty Able 997,297.98,"Excellent product, highly recommend.",Tanner-Garrison
BE100998,Beauty Southern 998,193.91,Fantastic product with ethical sourcing.,"Bautista, Mendoza and Green"
BE100999,Beauty Name 999,861.44,Perfect gift option!,Wood Group
BE101000,Beauty Front 1000,860.25,Fantastic product with ethical sourcing.,Taylor Inc
BE101001,Beauty Forget 1001,190.02,Perfect gift option!,"Valenzuela, Gill and Everett"
BE101002,Beauty Cause 1002,18.47,Perfect gift option!,Huynh LLC
BE101003,Beauty Serious 1003,605.48,"Excellent product, highly recommend.",Martin-Brown
BE101004,Beauty Region 1004,661.44,"Excellent product, highly recommend.",Nguyen-Henry
BE101005,Beauty Model 1005,613.26,Good but overpriced.,Thomas-Garner
BE101006,Beauty How 1006,346.98,Great quality and fast delivery!,"Morse, Tucker and White"
BE101007,Beauty South 1007,967.54,Good but overpriced.,"Dillon, Burke and Anderson"
BE101008,Beauty Doctor 1008,974.93,Perfect gift option!,"Abbott, Hogan and Bell"
BE101009,Beauty Expert 1009,755.64,Great quality and fast delivery!,Christian Inc
BE101010,Beauty Around 1010,857.43,Not worth the price.,"Phillips, Reynolds and Garcia"
BE101011,Beauty With 1011,132.61,Great quality and fast delivery!,Aguirre-Parker
BE101012,Beauty Chair 1012,373.71,Good but overpriced.,Odonnell-Arnold
BE101013,Beauty She 1013,790.6,Satisfied with the purchase.,Brown PLC
BE101014,Beauty Improve 1014,436.96,Fantastic product with ethical sourcing.,"Cruz, Gibson and Holmes"
BE101015,Beauty With 1015,159.72,Satisfied with the purchase.,Davis-Hudson
BE101016,Beauty Performance 1016,183.7,Very durable and eco-friendly packaging.,Johnson and Sons
BE101017,Beauty Own 1017,397.98,Very durable and eco-friendly packaging.,"Moore, Richmond and Brown"
BE101018,Beauty Miss 1018,301.36,Perfect gift option!,"Smith, Thomas and Stephens"
BE101019,Beauty Church 1019,380.58,Very durable and eco-friendly packaging.,"Shields, Warren and Guzman"
BE101020,Beauty Event 1020,303.61,Perfect gift option!,Lucas-Williamson
BE101021,Beauty Arm 1021,824.53,Wouldn’t buy again.,Lambert-Morris
BE101022,Beauty Evidence 1022,717.76,Perfect gift option!,Reynolds-Price
BE101023,Beauty Middle 1023,735.73,Fantastic product with ethical sourcing.,Pratt and Sons
BE101024,Beauty Travel 1024,273.84,Very durable and eco-friendly packaging.,White Ltd
BE101025,Beauty Its 1025,168.07,Satisfied with the purchase.,"Greer, Flynn and Peterson"
BE101026,Beauty Government 1026,38.95,"Excellent product, highly recommend.",Williams PLC
BE101027,Beauty Close 1027,513.47,"Excellent product, highly recommend.",Gilbert-Campbell
BE101028,Beauty Onto 1028,616.9,Good but overpriced.,Williams-Smith
BE101029,Beauty Also 1029,394.91,Very durable and eco-friendly packaging.,Gray-Martin
BE101030,Beauty Through 1030,567.14,Satisfied with the purchase.,Bryant Group
BE101031,Beauty Major 1031,864.77,Good but overpriced.,Short-Perkins
BE101032,Beauty Them 1032,775.47,Very durable and eco-friendly packaging.,Morris-Taylor
BE101033,Beauty By 1033,995.06,Not worth the price.,Owens Group
BE101034,Beauty Discover 1034,879.81,Very durable and eco-friendly packaging.,Smith-Griffin
BE101035,Beauty Activity 1035,107.49,Great quality and fast delivery!,Butler Inc
BE101036,Beauty Military 1036,66.5,Perfect gift option!,"Marquez, Cook and Knight"
BE101037,Beauty Year 1037,797.83,Good but overpriced.,Brown and Sons
BE101038,Beauty Exist 1038,503.0,Satisfied with the purchase.,Hoover-Miller
BE101039,Beauty Federal 1039,683.68,Very durable and eco-friendly packaging.,Brown-Sparks
BE101040,Beauty Level 1040,843.88,Wouldn’t buy again.,Miller Ltd
BE101041,Beauty Certain 1041,128.26,Very durable and eco-friendly packaging.,"Ellis, Smith and Munoz"
BE101042,Beauty Debate 1042,577.21,Wouldn’t buy again.,"Lambert, Castillo and King"
BE101043,Beauty Eight 1043,734.5,Great quality and fast delivery!,Stuart-Perez
BE101044,Beauty Stay 1044,278.38,Fantastic product with ethical sourcing.,"Quinn, Clark and Barnett"
BE101045,Beauty Later 1045,349.03,Very durable and eco-friendly packaging.,Baird Ltd
BE101046,Beauty About 1046,596.19,Wouldn’t buy again.,Miller Ltd
BE101047,Beauty Town 1047,711.81,Fantastic product with ethical sourcing.,"Simon, Gibson and Nelson"
BE101048,Beauty Blood 1048,173.1,"Excellent product, highly recommend.",Barron and Sons
BE101049,Beauty Word 1049,228.65,Good but overpriced.,Wallace-Davis
BE101050,Beauty First 1050,716.84,Perfect gift option!,Parsons Ltd
BE101051,Beauty Coach 1051,840.95,Perfect gift option!,Hernandez PLC
BE101052,Beauty Spring 1052,553.01,Good but overpriced.,Owen LLC
BE101053,Beauty It 1053,445.32,"Average experience, could be better.",Jensen-Salinas
BE101054,Beauty Tough 1054,495.89,Not worth the price.,Powell Inc
BE101055,Beauty Bar 1055,872.33,Good but overpriced.,Williams PLC
BE101056,Beauty Trip 1056,157.94,Wouldn’t buy again.,Shelton and Sons
BE101057,Beauty Cultural 1057,444.84,Wouldn’t buy again.,Miller-Alvarez
BE101058,Beauty Where 1058,553.89,Good but overpriced.,Sellers-Vargas
BE101059,Beauty Change 1059,662.86,Perfect gift option!,Petty Group
BE101060,Beauty Statement 1060,89.55,Not worth the price.,Mueller Ltd
BE101061,Beauty Certainly 1061,823.53,Wouldn’t buy again.,Lowe-Patterson
BE101062,Beauty Forward 1062,659.49,"Average experience, could be better.",Bonilla and Sons
BE101063,Beauty Group 1063,800.41,Wouldn’t buy again.,Alexander-Campbell
BE101064,Beauty Right 1064,526.42,Satisfied with the purchase.,Keller and Sons
BE101065,Beauty Source 1065,544.76,Not worth the price.,Phillips LLC
BE101066,Beauty Meet 1066,457.63,Very durable and eco-friendly packaging.,"Hunter, Jacobs and Meyer"
BE101067,Beauty College 1067,795.38,Very durable and eco-friendly packaging.,"Anderson, Reynolds and Weaver"
BE101068,Beauty Maybe 1068,259.5,"Average experience, could be better.",Coleman-Cook
BE101069,Beauty Which 1069,21.23,Perfect gift option!,Alvarez and Sons
BE101070,Beauty Member 1070,685.37,Good but overpriced.,"Miller, Villarreal and Nichols"
BE101071,Beauty Pretty 1071,472.38,"Excellent product, highly recommend.",Jackson PLC
BE101072,Beauty Actually 1072,995.41,Good but overpriced.,Price and Sons
BE101073,Beauty Far 1073,904.89,Great quality and fast delivery!,Smith PLC
BE101074,Beauty Behind 1074,646.66,"Average experience, could be better.","Lee, Carroll and Stone"
BE101075,Beauty Paper 1075,170.61,Perfect gift option!,"Clark, Boyd and Sexton"
BE101076,Beauty Also 1076,17.62,Satisfied with the purchase.,Kim-Guerrero
BE101077,Beauty Each 1077,577.52,Wouldn’t buy again.,"Delgado, Horn and Taylor"
BE101078,Beauty Century 1078,184.39,Not worth the price.,Bernard-Anderson
BE101079,Beauty Development 1079,80.28,Perfect gift option!,Martin-Simmons
BE101080,Beauty Recently 1080,526.9,Very durable and eco-friendly packaging.,Peterson PLC
BE101081,Beauty Product 1081,818.45,"Average experience, could be better.",Garcia PLC
BE101082,Beauty Although 1082,195.62,Satisfied with the purchase.,Mitchell Group
BE101083,Beauty Bring 1083,490.69,Perfect gift option!,Kline-Stewart
BE101084,Beauty Order 1084,655.28,Fantastic product with ethical sourcing.,Orr-Hill
BE101085,Beauty Such 1085,415.39,Good but overpriced.,Higgins-Mcdonald
BE101086,Beauty True 1086,213.69,"Average experience, could be better.",Adams-Valenzuela
BE101087,Beauty Amount 1087,228.48,Perfect gift option!,Farmer Ltd
BE101088,Beauty Data 1088,552.68,Very durable and eco-friendly packaging.,"Collins, Neal and Houston"
BE101089,Beauty Course 1089,658.8,Very durable and eco-friendly packaging.,Estrada Inc
BE101090,Beauty Will 1090,966.52,"Excellent product, highly recommend.",Torres Inc
BE101091,Beauty Cut 1091,399.06,Not worth the price.,"Velez, Benjamin and Blanchard"
BE101092,Beauty Toward 1092,269.56,Not worth the price.,"Watkins, Williams and Russell"
BE101093,Beauty Green 1093,334.24,Great quality and fast delivery!,Cruz Group
BE101094,Beauty Instead 1094,544.95,Not worth the price.,Ramos-Barnes
BE101095,Beauty Herself 1095,731.81,Satisfied with the purchase.,"Martinez, Miller and Edwards"
BE101096,Beauty Goal 1096,769.79,Satisfied with the purchase.,Rose Group
BE101097,Beauty Site 1097,270.9,Wouldn’t buy again.,Smith LLC
BE101098,Beauty Paper 1098,998.09,Fantastic product with ethical sourcing.,Oconnell-Rose
BE101099,Beauty Member 1099,904.62,Wouldn’t buy again.,Stanley-Collins
BE101100,Beauty Budget 1100,699.44,Perfect gift option!,Stewart and Sons
BE101101,Beauty Hold 1101,473.77,"Excellent product, highly recommend.",Miller-Lewis
BE101102,Beauty Seat 1102,657.68,Great quality and fast delivery!,"Lindsey, Thomas and Faulkner"
BE101103,Beauty If 1103,40.37,Very durable and eco-friendly packaging.,Fitzpatrick Group
BE101104,Beauty Live 1104,209.61,Not worth the price.,Brown-Martin
BE101105,Beauty Lay 1105,986.58,"Average experience, could be better.",Martinez PLC
BE101106,Beauty Staff 1106,34.39,Not worth the price.,"Turner, Gibson and Navarro"
BE101107,Beauty Billion 1107,172.29,"Excellent product, highly recommend.",Pena-Lopez
BE101108,Beauty Effort 1108,794.16,Very durable and eco-friendly packaging.,Lee-Scott
BE101109,Beauty Experience 1109,182.13,Good but overpriced.,Mendez Ltd
BE101110,Beauty Very 1110,831.31,Great quality and fast delivery!,"Wilcox, Rodriguez and Wells"
BE101111,Beauty Moment 1111,352.33,"Average experience, could be better.","Chandler, Nash and Norman"
BE101112,Beauty Practice 1112,706.49,Great quality and fast delivery!,Leblanc-Allen
BE101113,Beauty Today 1113,591.21,Satisfied with the purchase.,Gilbert and Sons
BE101114,Beauty Institution 1114,526.87,"Excellent product, highly recommend.",Taylor-Reed
BE101115,Beauty Buy 1115,179.49,"Excellent product, highly recommend.",Anderson-Pope
BE101116,Beauty Method 1116,71.88,Very durable and eco-friendly packaging.,Esparza-Mathis
BE101117,Beauty War 1117,899.72,Perfect gift option!,Shah LLC
BE101118,Beauty Left 1118,706.28,Very durable and eco-friendly packaging.,"Hernandez, Richardson and Wolfe"
BE101119,Beauty School 1119,215.61,Very durable and eco-friendly packaging.,"Gray, English and Williams"
BE101120,Beauty Voice 1120,359.66,Good but overpriced.,"Monroe, Garza and Robinson"
BE101121,Beauty Information 1121,190.08,Satisfied with the purchase.,"Nixon, Fisher and Brown"
BE101122,Beauty Poor 1122,212.98,Not worth the price.,"Mercer, Golden and Richardson"
BE101123,Beauty Public 1123,534.01,Not worth the price.,Clarke LLC
BE101124,Beauty Career 1124,279.49,Fantastic product with ethical sourcing.,"Perry, Perez and Reeves"
BE101125,Beauty Same 1125,134.74,Satisfied with the purchase.,Roberts-Rodriguez
BE101126,Beauty Also 1126,204.42,Satisfied with the purchase.,Ashley-Patterson
BE101127,Beauty Total 1127,515.01,Fantastic product with ethical sourcing.,Diaz Inc
BE101128,Beauty Order 1128,265.1,"Excellent product, highly recommend.",Freeman and Sons
BE101129,Beauty Adult 1129,90.84,"Excellent product, highly recommend.",Baker Ltd
BE101130,Beauty Minute 1130,537.23,Wouldn’t buy again.,Gould-Cardenas
BE101131,Beauty Which 1131,21.64,Perfect gift option!,"Rojas, Campos and Riddle"
BE101132,Beauty Common 1132,832.35,Satisfied with the purchase.,"Green, Jones and Gonzalez"
BE101133,Beauty Special 1133,464.65,Satisfied with the purchase.,"Black, Turner and Murray"
BE101134,Beauty Five 1134,537.69,Great quality and fast delivery!,Craig-Bowers
BE101135,Beauty Fear 1135,829.95,Great quality and fast delivery!,Cummings and Sons
BE101136,Beauty Congress 1136,496.2,Very durable and eco-friendly packaging.,Martin-Harris
BE101137,Beauty Create 1137,229.85,Wouldn’t buy again.,Smith LLC
BE101138,Beauty Plant 1138,14.34,Fantastic product with ethical sourcing.,"Swanson, Adkins and Suarez"
BE101139,Beauty Service 1139,362.82,Great quality and fast delivery!,"Torres, Mendoza and Wilson"
BE101140,Beauty Black 1140,803.75,Wouldn’t buy again.,Diaz LLC
BE101141,Beauty Find 1141,75.09,Great quality and fast delivery!,"Turner, Burch and Powell"
BE101142,Beauty Candidate 1142,450.48,"Excellent product, highly recommend.",Huber-Travis
BE101143,Beauty Collection 1143,317.84,"Excellent product, highly recommend.","Rodriguez, Avila and Newton"
BE101144,Beauty Television 1144,737.59,"Excellent product, highly recommend.",James LLC
BE101145,Beauty Including 1145,198.86,"Excellent product, highly recommend.",Ryan-Roy
BE101146,Beauty Education 1146,922.77,Good but overpriced.,Houston-Santiago
BE101147,Beauty Gas 1147,549.01,Not worth the price.,"Smith, Martin and Leonard"
BE101148,Beauty Art 1148,933.97,Not worth the price.,Bishop Group
BE101149,Beauty Student 1149,571.67,Fantastic product with ethical sourcing.,Jenkins-Jenkins
BE101150,Beauty Red 1150,528.73,"Average experience, could be better.","Garcia, Smith and Smith"
BE101151,Beauty Catch 1151,932.57,Wouldn’t buy again.,Goodman Ltd
BE101152,Beauty Population 1152,846.3,Wouldn’t buy again.,Mitchell PLC
BE101153,Beauty Who 1153,442.25,Wouldn’t buy again.,Mitchell PLC
BE101154,Beauty Plant 1154,620.42,Satisfied with the purchase.,"Anderson, Trevino and Green"
BE101155,Beauty Case 1155,753.62,Satisfied with the purchase.,"Durham, Lewis and Rice"
BE101156,Beauty Suddenly 1156,206.94,Fantastic product with ethical sourcing.,Owen-Nunez
BE101157,Beauty They 1157,923.9,"Average experience, could be better.","Foster, Bryant and Weber"
BE101158,Beauty Arm 1158,100.14,Good but overpriced.,"Simmons, Moore and Conner"
BE101159,Beauty On 1159,446.34,"Average experience, could be better.","Thomas, Hensley and Chambers"
BE101160,Beauty Effort 1160,182.44,Great quality and fast delivery!,Barnes LLC
BE101161,Beauty Some 1161,337.88,Very durable and eco-friendly packaging.,Benson and Sons
BE101162,Beauty Glass 1162,690.94,"Average experience, could be better.","Perez, Walker and George"
BE101163,Beauty Ok 1163,816.77,Wouldn’t buy again.,Carter and Sons
BE101164,Beauty Our 1164,512.91,Perfect gift option!,Thomas LLC
BE101165,Beauty Just 1165,862.18,Satisfied with the purchase.,"Anderson, Miranda and Phillips"
BE101166,Beauty Suggest 1166,834.23,Very durable and eco-friendly packaging.,"Strong, Martinez and Li"
BE101167,Beauty Wide 1167,169.76,Good but overpriced.,Mora-Lane
BE101168,Beauty Down 1168,560.62,Perfect gift option!,Bryan-Ray
BE101169,Beauty Performance 1169,819.98,Fantastic product with ethical sourcing.,Hayes-Jones
BE101170,Beauty Probably 1170,853.46,Wouldn’t buy again.,Sullivan-Smith
BE101171,Beauty Expert 1171,330.77,Satisfied with the purchase.,"Fleming, Lane and Moreno"
BE101172,Beauty Case 1172,624.44,"Excellent product, highly recommend.",Snyder-Ward
BE101173,Beauty Member 1173,962.61,Perfect gift option!,"Shah, Peterson and Hughes"
BE101174,Beauty Law 1174,778.3,Great quality and fast delivery!,Preston-Thomas
BE101175,Beauty Morning 1175,155.89,Very durable and eco-friendly packaging.,"Moody, Coleman and Peters"
BE101176,Beauty Southern 1176,106.05,Fantastic product with ethical sourcing.,Smith-Baker
BE101177,Beauty Put 1177,954.16,Perfect gift option!,Williams and Sons
BE101178,Beauty Meet 1178,940.31,Satisfied with the purchase.,Salas and Sons
BE101179,Beauty Information 1179,604.11,Very durable and eco-friendly packaging.,Evans Inc
BE101180,Beauty Left 1180,278.09,Good but overpriced.,Miller LLC
BE101181,Beauty Large 1181,50.08,Not worth the price.,Sanchez and Sons
BE101182,Beauty Yes 1182,124.93,Very durable and eco-friendly packaging.,Crawford-Valdez
BE101183,Beauty Herself 1183,349.24,"Average experience, could be better.","Farmer, Ortega and Davis"
BE101184,Beauty Clear 1184,459.27,"Average experience, could be better.",Bean Inc
BE101185,Beauty Your 1185,842.1,Fantastic product with ethical sourcing.,Johnson Ltd
BE101186,Beauty Describe 1186,505.54,"Excellent product, highly recommend.","Freeman, Francis and Peters"
BE101187,Beauty Improve 1187,147.05,Great quality and fast delivery!,"Hall, Carroll and Stark"
BE101188,Beauty Check 1188,244.02,Good but overpriced.,Miller and Sons
BE101189,Beauty End 1189,82.49,Good but overpriced.,Jackson Inc
BE101190,Beauty Television 1190,114.35,Satisfied with the purchase.,"Hendricks, Garcia and Munoz"
BE101191,Beauty Drop 1191,895.61,Good but overpriced.,"Moreno, Hall and Dominguez"
BE101192,Beauty Professor 1192,271.83,Not worth the price.,Villa-Mcdonald
BE101193,Beauty Debate 1193,488.89,Great quality and fast delivery!,Williams Group
BE101194,Beauty Message 1194,899.06,Very durable and eco-friendly packaging.,Perez-Ashley
BE101195,Beauty Address 1195,85.92,Not worth the price.,Peters and Sons
BE101196,Beauty Back 1196,256.88,Great quality and fast delivery!,"Nelson, Johnson and Henry"
BE101197,Beauty Without 1197,825.2,"Excellent product, highly recommend.","Grant, Miller and Cross"
BE101198,Beauty Authority 1198,362.15,Wouldn’t buy again.,"Pena, Poole and Smith"
BE101199,Beauty Reality 1199,281.29,"Average experience, could be better.",Cuevas-Guerrero
